2026-05-23 23:27:43,1,31.52,49,0,0.0,0.951,1.0,0.0,0.0,0.0,0.0
2026-05-23 23:27:43,2,26.99,44,0,0.0,0.935,1.0,0.0,0.0,0.0,0.0
2026-05-23 23:27:43,3,33.07,50,0,0.033,0.953,1.0,0.0,0.0,0.0,0.0
2026-05-23 23:27:43,4,5.29,21,0,0.042,0.975,1.0,0.0,0.0,0.0,0.0
2026-05-23 23:27:43,5,21.75,39,0,0.0,0.938,1.0,0.0,0.0,0.0,0.0
2026-05-23 23:27:43,6,26.21,43,0,0.0,0.953,1.0,0.0,0.0,0.0,0.0
2026-05-23 23:27:43,7,24.89,41,0,0.0,0.964,1.0,0.0,0.0,0.0,0.0
2026-05-23 23:27:43,8,26.56,43,0,0.042,0.972,1.0,0.0,0.0,0.0,0.0
2026-05-23 23:27:43,9,35.28,53,0,0.009,0.955,0.9851,6.354448,0.0,0.0,0.0
2026-05-23 23:27:43,10,43.03,61,0,0.0,0.938,0.9276,5.787498,0.0,0.0,0.0
2026-05-23 23:27:43,11,19.7,37,0,0.007,0.968,0.8867,5.34087,0.0,0.0,0.0
2026-05-23 23:27:43,12,24.58,41,0,0.0,0.963,0.8561,3.767972,0.0,0.0,0.0
2026-05-23 23:27:43,13,11.31,28,0,0.026,0.967,0.8307,4.26532,0.0,0.0,0.0
2026-05-23 23:27:43,14,13.14,30,0,0.007,0.948,0.7981,4.153234,0.0,0.0,0.0
2026-05-23 23:27:43,15,23.44,41,0,0.0,0.94,0.759,3.791982,0.0,0.0,0.0
2026-05-23 23:27:43,16,24.31,41,0,0.011,0.937,0.7329,3.700961,0.0,0.0,0.0
2026-05-23 23:27:43,17,5.9,22,0,0.0,0.96,0.7147,3.887756,0.0,0.0,0.0
2026-05-23 23:27:43,18,19.24,35,0,0.017,0.969,0.697,3.679208,0.0,0.0,0.0
2026-05-23 23:27:43,19,23.02,40,0,0.032,0.97,0.6764,3.112005,0.0,0.0,0.0
2026-05-23 23:27:43,20,25.27,42,0,0.032,0.968,0.6498,4.744618,0.0,0.0,0.0
2026-05-23 23:27:43,21,20.45,36,0,0.0,0.954,0.6369,3.710399,0.0,0.0,0.0
2026-05-23 23:27:43,22,6.55,22,0,0.0,0.965,0.6274,3.273076,0.0,0.0,0.0
2026-05-23 23:27:43,23,16.62,33,0,0.0,0.964,0.6119,3.880016,0.0,0.0,0.0
2026-05-23 23:27:43,24,9.22,26,0,0.0,0.951,0.5967,10.045448,0.0,0.0,0.0
2026-05-23 23:27:43,25,15.11,32,0,0.0,0.941,0.579,9.03318,0.0,0.0,0.0
2026-05-23 23:27:43,26,23.51,39,0,0.0,0.964,0.5647,8.239142,0.0,0.0,0.0
2026-05-23 23:27:43,27,13.85,30,0,0.0,0.954,0.5507,8.179279,0.0,0.0,0.0
2026-05-23 23:27:43,28,24.67,42,0,0.032,0.969,0.5291,6.523347,0.0,0.0,0.0
2026-05-23 23:27:43,29,20.45,36,0,0.0,0.956,0.516,6.88079,0.0,0.0,0.0
2026-05-23 23:27:43,30,7.84,24,0,0.0,0.954,0.5058,5.637602,0.0,0.0,0.0
2026-05-23 23:27:43,31,14.88,31,0,0.0,0.958,0.4957,6.572823,0.0,0.0,0.0
2026-05-23 23:27:43,32,15.49,31,0,0.0,0.958,0.4859,5.122258,0.0,0.0,0.0
2026-05-23 23:27:43,33,10.28,27,0,0.0,0.93,0.4715,5.641635,0.0,0.0,0.0
2026-05-23 23:27:43,34,8.58,25,0,0.0,0.96,0.4598,5.284403,0.0,0.0,0.0
2026-05-23 23:27:43,35,12.85,29,0,0.0,0.957,0.4484,4.832518,0.0,0.0,0.0
2026-05-23 23:27:43,36,22.61,39,0,0.0,0.966,0.4373,5.605461,0.0,0.0,0.0
2026-05-23 23:27:43,37,23.55,39,0,0.025,0.97,0.4286,4.234581,0.0,0.0,0.0
2026-05-23 23:27:43,38,29.39,47,0,0.037,0.97,0.4097,4.003632,0.0,0.0,0.0
2026-05-23 23:27:43,39,13.46,29,0,0.0,0.955,0.4016,4.120603,0.0,0.0,0.0
2026-05-23 23:27:43,40,12.9,29,0,0.008,0.963,0.3936,4.381493,0.0,0.0,0.0
2026-05-23 23:27:43,41,11.58,27,0,0.037,0.973,0.3878,4.462566,0.0,0.0,0.0
2026-05-23 23:27:43,42,24.51,40,0,0.0,0.964,0.3782,5.397439,0.0,0.0,0.0
2026-05-23 23:27:43,43,17.84,34,0,0.0,0.954,0.3707,3.953832,0.0,0.0,0.0
2026-05-23 23:27:43,44,13.71,30,0,0.0,0.941,0.3615,7.319672,0.0,0.0,0.0
2026-05-23 23:27:43,45,19.89,36,0,0.0,0.964,0.3525,6.940052,0.0,0.0,0.0
2026-05-23 23:27:43,46,15.48,31,0,0.0,0.958,0.3438,6.281636,0.0,0.0,0.0
2026-05-23 23:27:43,47,15.58,32,0,0.0,0.96,0.3336,6.219737,0.0,0.0,0.0
2026-05-23 23:27:43,48,10.47,26,0,0.0,0.958,0.3254,5.327865,0.0,0.0,0.0
2026-05-23 23:27:43,49,11.33,28,0,0.033,0.969,0.3173,5.881009,0.0,0.0,0.0
2026-05-23 23:27:43,50,13.09,29,0,0.028,0.952,0.3079,4.500234,0.0,0.0,0.0
2026-05-23 23:27:44,51,24.03,41,0,0.0,0.936,0.2973,2.713734,0.0,0.0,0.0
2026-05-23 23:27:44,52,16.37,33,0,0.043,0.947,0.287,3.258339,0.0,0.0,0.0
2026-05-23 23:27:44,53,6.47,23,0,0.013,0.948,0.2785,3.525171,0.0,0.0,0.0
2026-05-23 23:27:44,54,37.7,54,0,0.047,0.951,0.2663,2.894529,0.0,0.0,0.0
2026-05-23 23:27:44,55,13.58,30,0,0.026,0.961,0.2584,2.277203,0.0,0.0,0.0
2026-05-23 23:27:44,56,16.57,33,0,0.0,0.934,0.2482,2.719482,0.0,0.0,0.0
2026-05-23 23:27:44,57,13.58,30,0,0.038,0.963,0.2409,3.702423,0.0,0.0,0.0
2026-05-23 23:27:44,58,27.96,45,0,0.0,0.933,0.2314,4.281148,0.0,0.0,0.0
2026-05-23 23:27:44,59,25.12,42,0,0.037,0.95,0.2201,4.833915,0.0,0.0,0.0
2026-05-23 23:27:44,60,32.03,48,0,0.048,0.952,0.2125,3.431211,0.0,0.0,0.0
2026-05-23 23:27:44,61,27.36,44,0,0.033,0.945,0.2052,3.2753,0.0,0.0,0.0
2026-05-23 23:27:44,62,24.98,41,0,0.03,0.946,0.1961,3.04694,0.0,0.0,0.0
2026-05-23 23:27:44,63,28.14,45,0,0.018,0.949,0.1893,2.515035,0.0,0.0,0.0
2026-05-23 23:27:44,64,34.94,53,0,0.014,0.932,0.1792,3.021731,0.0,0.0,0.0
2026-05-23 23:27:44,65,35.39,53,0,0.0,0.919,0.1704,2.319173,0.0,0.0,0.0
2026-05-23 23:27:44,66,15.92,32,0,0.02,0.967,0.1654,2.623192,0.0,0.0,0.0
2026-05-23 23:27:44,67,41.83,58,0,0.005,0.934,0.1573,3.702773,0.0,0.0,0.0
2026-05-23 23:27:44,68,27.98,44,0,0.04,0.947,0.1511,2.128958,0.0,0.0,0.0
2026-05-23 23:27:44,69,31.31,48,0,0.017,0.94,0.143,2.360291,0.0,0.0,0.0
2026-05-23 23:27:44,70,12.05,28,0,0.044,0.951,0.1388,2.089441,0.0,0.0,0.0
2026-05-23 23:27:44,71,27.0,43,0,0.027,0.945,0.1347,3.111316,0.0,0.0,0.0
2026-05-23 23:27:44,72,21.0,37,0,0.037,0.948,0.1287,2.076013,0.0,0.0,0.0
2026-05-23 23:27:44,73,24.95,41,0,0.023,0.943,0.1224,2.493011,0.0,0.0,0.0
2026-05-23 23:27:45,74,21.06,37,0,0.048,0.953,0.1182,2.58417,0.0,0.0,0.0
2026-05-23 23:27:45,75,40.2,57,0,0.007,0.934,0.1107,1.733033,0.0,0.0,0.0
2026-05-23 23:27:45,76,25.86,42,0,0.008,0.935,0.1048,2.471465,0.0,0.0,0.0
2026-05-23 23:27:45,77,30.23,47,0,0.018,0.965,0.0997,2.243722,0.0,0.0,0.0
2026-05-23 23:27:45,78,30.99,48,0,0.0,0.937,0.0953,3.416325,0.0,0.0,0.0
2026-05-23 23:27:45,79,18.99,35,0,0.033,0.947,0.0911,2.089083,0.0,0.0,0.0
2026-05-23 23:27:45,80,14.26,30,0,0.044,0.974,0.0884,1.778056,0.0,0.0,0.0
2026-05-23 23:27:45,81,41.26,58,0,0.012,0.937,0.0824,1.611401,0.0,0.0,0.0
2026-05-23 23:27:45,82,19.59,36,0,0.035,0.963,0.0804,3.709035,0.0,0.0,0.0
2026-05-23 23:27:45,83,25.22,41,0,0.016,0.941,0.0768,2.728025,0.0,0.0,0.0
2026-05-23 23:27:45,84,20.91,37,0,0.012,0.937,0.0742,1.952947,0.0,0.0,0.0
2026-05-23 23:27:45,85,40.98,57,0,0.036,0.948,0.0702,2.233954,0.0,0.0,0.0
2026-05-23 23:27:45,86,16.69,33,0,0.035,0.948,0.0674,2.400127,0.0,0.0,0.0
2026-05-23 23:27:45,87,42.86,59,0,0.01,0.936,0.0638,3.091113,0.0,0.0,0.0
2026-05-23 23:27:45,88,44.13,61,0,0.014,0.937,0.0598,1.905016,0.0,0.0,0.0
2026-05-23 23:27:45,89,20.28,36,0,0.027,0.945,0.0574,2.652508,0.0,0.0,0.0
2026-05-23 23:27:45,90,25.93,42,0,0.016,0.939,0.0552,2.496565,0.0,0.0,0.0
2026-05-23 23:27:45,91,24.89,41,0,0.01,0.936,0.053,2.793756,0.0,0.0,0.0
2026-05-23 23:27:45,92,31.96,48,0,0.025,0.943,0.0504,2.221826,0.0,0.0,0.0
2026-05-23 23:27:45,93,24.69,41,0,0.028,0.946,0.05,2.308604,0.0,0.0,0.0
2026-05-23 23:27:45,94,38.97,55,0,0.033,0.947,0.05,2.435444,0.0,0.0,0.0
2026-05-23 23:27:45,95,28.41,45,0,0.034,0.949,0.05,2.194213,0.0,0.0,0.0
2026-05-23 23:27:45,96,43.77,61,0,0.031,0.945,0.05,2.127601,0.0,0.0,0.0
2026-05-23 23:27:45,97,38.95,56,0,0.0,0.915,0.05,2.551053,0.0,0.0,0.0
2026-05-23 23:27:45,98,31.25,49,0,0.044,0.951,0.05,2.215081,0.0,0.0,0.0
2026-05-23 23:27:45,99,24.09,45,0,0.0,0.858,0.05,1.665969,0.0,0.0,0.0
2026-05-23 23:27:45,100,18.2,39,0,0.0,0.838,0.05,3.3404,0.0,0.0,0.0
2026-05-23 23:27:46,101,20.06,39,0,0.02,0.868,0.05,2.136059,0.0,0.0,0.0
2026-05-23 23:27:46,102,27.4,48,0,0.0,0.841,0.05,2.505729,0.0,0.0,0.0
2026-05-23 23:27:46,103,27.38,46,0,0.041,0.921,0.05,3.392873,0.0,0.0,0.0
2026-05-23 23:27:46,104,38.08,56,0,0.017,0.954,0.05,1.965667,0.016,0.001,0.0
2026-05-23 23:27:46,105,22.84,43,0,0.047,0.881,0.05,3.129827,0.0,0.0,0.0
2026-05-23 23:27:47,106,36.81,61,0,0.0,0.798,0.05,1.889405,0.034,0.0061,0.0
2026-05-23 23:27:47,107,27.88,46,0,0.025,0.946,0.05,0.995616,0.0,0.0,0.0
2026-05-23 23:27:47,108,9.52,33,0,0.048,0.791,0.05,2.786549,0.016,0.001,0.0
2026-05-23 23:27:47,109,14.12,38,0,0.0,0.783,0.05,1.689806,0.0,0.0,0.0
2026-05-23 23:27:47,110,5.15,296,51,0.048,0.487,0.05,1.758087,0.0,2.9698,0.2414
2026-05-23 23:27:47,111,7.2,28,0,0.049,0.827,0.05,1.833963,0.0,0.0,0.0
2026-05-23 23:27:47,112,37.96,59,0,0.026,0.854,0.05,1.311361,0.045,0.0068,0.0
2026-05-23 23:27:48,113,38.06,58,0,0.0,0.868,0.05,2.514373,0.0,0.0,0.0
2026-05-23 23:27:48,114,21.34,41,0,0.0,0.901,0.05,2.530577,0.0,0.0,0.0
2026-05-23 23:27:48,115,-36.97,285,82,0.123,0.757,0.05,1.016699,0.0,2.6379,0.0
2026-05-23 23:27:48,116,67.37,114,7,0.044,0.789,0.05,2.33606,0.625,0.6593,0.0
2026-05-23 23:27:48,117,24.76,46,0,0.049,0.843,0.05,1.415774,0.0,0.0,0.0
2026-05-23 23:27:48,118,16.83,35,0,0.045,0.903,0.05,1.821222,0.0,0.0,0.0
2026-05-23 23:27:49,119,31.02,51,0,0.014,0.879,0.05,2.408413,0.007,0.0004,0.0
2026-05-23 23:27:49,120,31.91,51,0,0.048,0.914,0.05,2.412183,0.0,0.0,0.0
2026-05-23 23:27:49,121,14.63,33,0,0.034,0.928,0.05,0.767805,0.016,0.0014,0.0
2026-05-23 23:27:49,122,36.02,54,0,0.023,0.947,0.05,1.734669,0.0,0.0,0.0
2026-05-23 23:27:49,123,24.03,43,0,0.013,0.928,0.05,1.255154,0.04,0.0073,0.0
2026-05-23 23:27:49,124,2.97,25,0,0.048,0.778,0.05,2.488925,0.0,0.0,0.0
2026-05-23 23:27:49,125,38.87,59,0,0.0,0.891,0.05,1.987217,0.0,0.0,0.0
2026-05-23 23:27:49,126,7.64,28,0,0.021,0.857,0.05,2.449436,0.0,0.0,0.0
2026-05-23 23:27:49,127,14.38,33,0,0.006,0.891,0.05,1.136708,0.0,0.0,0.0
2026-05-23 23:27:49,128,33.58,56,0,0.0,0.79,0.05,2.91903,0.0,0.0,0.0
2026-05-23 23:27:49,129,32.09,51,0,0.043,0.924,0.05,1.300784,0.095,0.0143,0.0
2026-05-23 23:27:49,130,15.21,36,0,0.047,0.803,0.05,1.676521,0.0,0.0,0.0
2026-05-23 23:27:50,131,28.47,48,0,0.032,0.911,0.05,1.175639,0.093,0.0139,0.0
2026-05-23 23:27:50,132,20.55,41,0,0.017,0.835,0.05,2.8809,0.0,0.0,0.0
2026-05-23 23:27:50,133,14.06,33,0,0.005,0.889,0.05,1.088045,0.001,0.0001,0.0
2026-05-23 23:27:50,134,18.05,37,0,0.049,0.897,0.05,1.569623,0.004,0.0006,0.0
2026-05-23 23:27:50,135,26.3,46,0,0.044,0.896,0.05,1.031864,0.023,0.0014,0.0
2026-05-23 23:27:50,136,27.22,46,0,0.046,0.924,0.05,2.045675,0.0,0.0,0.0
2026-05-23 23:27:50,137,9.12,28,0,0.043,0.897,0.05,1.319324,0.0,0.0,0.0
2026-05-23 23:27:50,138,41.26,60,0,0.0,0.947,0.05,1.962439,0.066,0.0079,0.0
2026-05-23 23:27:50,139,39.7,58,0,0.045,0.931,0.05,1.199767,0.348,0.1004,0.0
2026-05-23 23:27:50,140,16.74,37,0,0.045,0.832,0.05,3.296335,0.0,0.0,0.0
2026-05-23 23:27:50,141,10.71,30,0,0.036,0.886,0.05,1.899355,0.014,0.0008,0.0
2026-05-23 23:27:51,142,30.13,49,0,0.036,0.922,0.05,1.885234,0.065,0.0078,0.0
2026-05-23 23:27:51,143,26.99,46,0,0.0,0.896,0.05,2.576031,0.0,0.0,0.0
2026-05-23 23:27:51,144,-46.48,35,21,0.026,0.924,0.05,1.735417,0.337,0.0863,0.0
2026-05-23 23:27:51,145,-3.13,43,9,0.014,0.927,0.05,1.033957,0.153,0.0325,0.0
2026-05-23 23:27:51,146,18.68,36,0,0.048,0.951,0.05,0.626871,0.0,0.0,0.0
2026-05-23 23:27:51,147,8.18,28,0,0.018,0.864,0.05,1.505517,0.0,0.0,0.0
2026-05-23 23:27:51,148,10.61,38,3,0.024,0.934,0.05,1.277189,0.061,0.0129,0.0
2026-05-23 23:27:51,149,19.99,38,0,0.034,0.945,0.05,1.261728,0.067,0.008,0.0
2026-05-23 23:27:51,150,38.62,57,0,0.044,0.94,0.05,1.982799,0.219,0.0588,0.0
2026-05-23 23:27:52,151,8.31,28,0,0.033,0.878,0.05,2.181703,0.006,0.0012,0.0
2026-05-23 23:27:52,152,8.07,28,0,0.01,0.867,0.05,0.908613,0.0,0.0,0.0
2026-05-23 23:27:52,153,29.79,48,0,0.009,0.934,0.05,1.779362,0.066,0.0105,0.0
2026-05-23 23:27:53,154,31.13,51,0,0.047,0.901,0.05,0.620686,0.022,0.0032,0.0
2026-05-23 23:27:53,155,41.52,60,0,0.034,0.941,0.05,1.416861,0.136,0.0284,0.0
2026-05-23 23:27:53,156,19.81,38,0,0.014,0.93,0.05,2.207705,0.038,0.0057,0.0
2026-05-23 23:27:53,157,42.43,61,0,0.021,0.937,0.05,2.147234,0.099,0.0148,0.0
2026-05-23 23:27:53,158,28.46,48,0,0.031,0.909,0.05,2.296147,0.088,0.0158,0.0
2026-05-23 23:27:53,159,6.23,25,0,0.044,0.934,0.05,1.519112,0.063,0.0075,0.0
2026-05-23 23:27:53,160,24.22,46,0,0.0,0.835,0.05,1.000751,0.0,0.0,0.0
2026-05-23 23:27:53,161,31.93,56,0,0.0,0.759,0.05,0.604986,0.024,0.0026,0.0
2026-05-23 23:27:53,162,36.54,54,0,0.0,0.946,0.05,0.772529,0.0,0.0,0.0
2026-05-23 23:27:54,163,-14.76,40,12,0.032,0.932,0.05,1.308259,0.264,0.0727,0.0
2026-05-23 23:27:54,164,10.75,35,2,0.026,0.939,0.05,0.71331,0.113,0.021,0.0
2026-05-23 23:27:54,165,30.01,49,0,0.016,0.918,0.05,2.225196,0.11,0.0232,0.0
2026-05-23 23:27:54,166,12.11,38,0,0.0,0.738,0.05,1.032436,0.0,0.0,0.0
2026-05-23 23:27:54,167,16.96,36,0,0.047,0.862,0.05,0.536891,0.0,0.0,0.0
2026-05-23 23:27:54,168,-21.91,35,13,0.024,0.936,0.05,1.042829,0.168,0.0332,0.0
2026-05-23 23:27:54,169,6.81,25,0,0.014,0.932,0.05,0.898788,0.042,0.0038,0.0
2026-05-23 23:27:54,170,19.38,38,0,0.036,0.928,0.05,1.505508,0.026,0.0039,0.0
2026-05-23 23:27:54,171,42.69,61,0,0.0,0.951,0.05,1.21822,0.148,0.0316,0.0
2026-05-23 23:27:55,172,18.51,36,0,0.036,0.958,0.05,0.668568,0.0,0.0,0.0
2026-05-23 23:27:55,173,26.33,51,0,0.008,0.763,0.05,0.554181,0.009,0.0006,0.0
2026-05-23 23:27:55,174,25.94,43,0,0.036,0.959,0.05,2.208205,0.0,0.0,0.0
2026-05-23 23:27:55,175,34.33,53,0,0.017,0.931,0.05,1.465391,0.146,0.032,0.0
2026-05-23 23:27:55,176,10.83,33,0,0.042,0.838,0.05,1.061363,0.013,0.0018,0.0
2026-05-23 23:27:55,177,21.75,40,0,0.027,0.942,0.05,1.545937,0.014,0.0012,0.0
2026-05-23 23:27:55,178,7.27,25,0,0.045,0.942,0.05,1.08524,0.0,0.0,0.0
2026-05-23 23:27:55,179,9.98,31,0,0.05,0.841,0.05,1.033309,0.003,0.0003,0.0
2026-05-23 23:27:55,180,29.84,54,0,0.026,0.772,0.05,1.620026,0.088,0.0146,0.0
2026-05-23 23:27:55,181,12.43,30,0,0.035,0.949,0.05,1.061111,0.024,0.0015,0.0
2026-05-23 23:27:56,182,40.21,59,0,0.0,0.883,0.05,2.269291,0.0,0.0,0.0
2026-05-23 23:27:56,183,14.36,33,0,0.031,0.916,0.05,2.285766,0.061,0.0088,0.0
2026-05-23 23:27:56,184,17.28,35,0,0.047,0.942,0.05,0.62898,0.018,0.0011,0.0
2026-05-23 23:27:56,185,29.93,48,0,0.028,0.943,0.05,0.981253,0.058,0.0065,0.0
2026-05-23 23:27:56,186,23.91,43,0,0.014,0.942,0.05,1.3181,0.062,0.0129,0.0
2026-05-23 23:27:56,187,37.19,55,0,0.025,0.935,0.05,1.018395,0.16,0.0389,0.0
2026-05-23 23:27:56,188,29.03,51,0,0.011,0.818,0.05,0.984218,0.015,0.0018,0.0
2026-05-23 23:27:56,189,7.22,25,0,0.034,0.949,0.05,3.215998,0.0,0.0,0.0
2026-05-23 23:27:56,190,39.95,58,0,0.02,0.939,0.05,1.147768,0.072,0.0087,0.0
2026-05-23 23:27:57,191,37.39,56,0,0.029,0.965,0.05,0.968735,0.067,0.0115,0.0
2026-05-23 23:27:57,192,17.05,35,0,0.039,0.943,0.05,0.820427,0.101,0.0213,0.0
2026-05-23 23:27:57,193,18.94,38,0,0.038,0.929,0.05,2.212065,0.046,0.0069,0.0
2026-05-23 23:27:57,194,39.77,59,0,0.046,0.898,0.05,0.545083,0.0,0.0,0.0
2026-05-23 23:27:57,195,28.73,46,0,0.008,0.958,0.05,0.98174,0.0,0.0,0.0
2026-05-23 23:27:57,196,29.45,48,0,0.012,0.929,0.05,1.586109,0.116,0.02,0.0
2026-05-23 23:27:57,197,23.09,41,0,0.05,0.928,0.05,0.983701,0.0,0.0,0.0
2026-05-23 23:27:57,198,32.39,52,0,0.001,0.917,0.05,1.348264,0.195,0.0418,0.0
2026-05-23 23:27:57,199,3.44,23,0,0.05,0.875,0.05,0.682036,0.032,0.0048,0.0
2026-05-23 23:27:57,200,0.36,33,1,0.007,0.692,0.05,0.673081,0.112,0.0178,0.0
2026-05-23 23:27:58,201,3.34,28,1,0.03,0.838,0.05,0.360336,0.095,0.017,0.0
2026-05-23 23:27:58,202,31.06,51,0,0.0,0.923,0.05,1.170628,0.148,0.0297,0.0
2026-05-23 23:27:58,203,26.27,51,0,0.03,0.779,0.05,0.5116,0.109,0.0245,0.0
2026-05-23 23:27:59,204,-115.14,41,44,0.0,0.838,0.05,1.014251,0.117,0.0472,0.0
2026-05-23 23:27:59,205,18.9,41,0,0.046,0.792,0.05,0.961072,0.0,0.0,0.0
2026-05-23 23:27:59,206,49.0,69,0,0.0,0.851,0.05,1.042433,0.0,0.0,0.0
2026-05-23 23:27:59,207,37.66,56,0,0.01,0.936,0.05,1.682728,0.0,0.0,0.0
2026-05-23 23:27:59,208,-50.31,23,18,0.022,0.917,0.05,2.800507,0.107,0.0198,0.0
2026-05-23 23:27:59,209,13.52,33,0,0.009,0.923,0.05,0.375201,0.155,0.0304,0.0
2026-05-23 23:27:59,210,33.7,53,0,0.048,0.912,0.05,0.82006,0.192,0.0491,0.0
2026-05-23 23:27:59,211,34.05,53,0,0.041,0.916,0.05,1.070272,0.262,0.0668,0.0
2026-05-23 23:27:59,212,-5.81,33,5,0.041,0.809,0.05,2.235773,0.11,0.0222,0.0
2026-05-23 23:28:00,213,4.26,36,4,0.0,0.891,0.05,0.7798,0.043,0.0039,0.0
2026-05-23 23:28:00,214,41.5,61,0,0.047,0.861,0.05,0.835664,0.0,0.0,0.0
2026-05-23 23:28:00,215,-36.61,28,15,0.0,0.917,0.05,1.191158,0.078,0.0164,0.0
2026-05-23 23:28:00,216,-7.97,36,8,0.0,0.874,0.05,0.728679,0.095,0.019,0.0
2026-05-23 23:28:00,217,10.71,44,0,0.0,0.631,0.05,0.667827,0.215,0.0512,0.0
2026-05-23 23:28:00,218,-19.77,36,12,0.0,0.889,0.05,0.959454,0.185,0.0403,0.0
2026-05-23 23:28:00,219,14.21,33,0,0.039,0.914,0.05,0.891457,0.212,0.0486,0.0
2026-05-23 23:28:00,220,-44.34,33,19,0.005,0.915,0.05,2.724986,0.183,0.0379,0.0
2026-05-23 23:28:01,221,35.46,56,0,0.016,0.911,0.05,1.048495,0.213,0.0555,0.0
2026-05-23 23:28:01,222,16.61,46,3,0.047,0.91,0.05,0.911688,0.192,0.0384,0.0
2026-05-23 23:28:01,223,-45.96,23,16,0.048,0.861,0.05,1.187381,0.072,0.0111,0.0
2026-05-23 23:28:01,224,-124.48,36,45,0.0,0.765,0.05,1.591598,0.203,0.0572,0.0
2026-05-23 23:28:01,225,-25.2,38,14,0.027,0.866,0.05,1.355162,0.282,0.0826,0.0
2026-05-23 23:28:01,226,-11.25,33,8,0.03,0.903,0.05,1.990196,0.179,0.0372,0.0
2026-05-23 23:28:01,227,-42.39,43,20,0.0,0.799,0.05,3.204403,0.219,0.0533,0.0
2026-05-23 23:28:01,228,-40.14,36,19,0.046,0.937,0.05,0.861994,0.149,0.0311,0.0
2026-05-23 23:28:01,229,-78.51,33,30,0.048,0.877,0.05,1.431175,0.153,0.0324,0.0
2026-05-23 23:28:02,230,-87.47,28,32,0.037,0.937,0.05,2.424924,0.195,0.0459,0.0
2026-05-23 23:28:02,231,18.1,36,0,0.048,0.958,0.05,1.116363,0.014,0.0012,0.0
2026-05-23 23:28:02,232,11.45,43,4,0.032,0.934,0.05,2.092757,0.188,0.0403,0.0
2026-05-23 23:28:02,233,18.05,36,0,0.026,0.943,0.05,1.223275,0.0,0.0,0.0
2026-05-23 23:28:02,234,-46.26,43,23,0.035,0.922,0.05,1.211821,0.253,0.0587,0.0
2026-05-23 23:28:02,235,36.35,56,0,0.037,0.929,0.05,1.096439,0.262,0.057,0.0
2026-05-23 23:28:02,236,10.17,27,0,0.048,0.928,0.05,0.47744,0.0,0.0,0.0
2026-05-23 23:28:02,237,11.87,56,8,0.046,0.909,0.05,1.072348,0.288,0.0705,0.0
2026-05-23 23:28:02,238,41.68,61,0,0.039,0.927,0.05,3.805472,0.298,0.0763,0.0
2026-05-23 23:28:03,239,-102.17,50,44,0.046,0.9,0.05,1.614758,0.585,0.2425,0.0
2026-05-23 23:28:03,240,38.74,59,0,0.01,0.875,0.05,1.816755,0.108,0.0227,0.0
2026-05-23 23:28:03,241,-62.6,28,24,0.031,0.936,0.05,3.328599,0.129,0.0259,0.0
2026-05-23 23:28:03,242,40.51,61,0,0.039,0.926,0.05,4.991395,0.443,0.1462,0.0
2026-05-23 23:28:03,243,43.79,63,0,0.0,0.943,0.05,3.136718,0.311,0.085,0.0
2026-05-23 23:28:03,244,-82.08,25,29,0.044,0.904,0.05,3.291023,0.245,0.0782,0.0
2026-05-23 23:28:03,245,46.93,66,0,0.022,0.924,0.05,4.911895,0.287,0.0717,0.0
2026-05-23 23:28:03,246,22.7,51,3,0.027,0.929,0.05,1.079453,0.182,0.0374,0.0
2026-05-23 23:28:04,247,38.79,58,0,0.03,0.93,0.05,4.133459,0.281,0.0629,0.0
2026-05-23 23:28:04,248,19.7,38,0,0.015,0.939,0.05,2.428431,0.0,0.0,0.0
2026-05-23 23:28:04,249,22.23,56,5,0.041,0.959,0.05,0.516492,0.266,0.0672,0.0
2026-05-23 23:28:04,250,21.6,43,1,0.041,0.947,0.05,2.186067,0.076,0.0146,0.0
2026-05-23 23:28:05,251,6.05,25,0,0.046,0.95,0.05,2.695789,0.0,0.0,0.0
2026-05-23 23:28:05,252,2.04,48,9,0.031,0.927,0.05,8.41111,0.332,0.0842,0.0
2026-05-23 23:28:05,253,34.33,53,0,0.044,0.942,0.05,3.055086,0.197,0.0477,0.0
2026-05-23 23:28:05,254,26.44,46,0,0.042,0.909,0.05,5.06521,0.109,0.0229,0.0
2026-05-23 23:28:05,255,-31.14,35,16,0.022,0.93,0.05,3.033823,0.217,0.0552,0.0
2026-05-23 23:28:05,256,24.99,65,7,0.04,0.928,0.05,1.677629,0.335,0.1231,0.0
2026-05-23 23:28:06,257,-51.16,30,21,0.038,0.94,0.05,1.285874,0.183,0.0511,0.0
2026-05-23 23:28:06,258,25.11,43,0,0.022,0.942,0.05,1.601613,0.02,0.0018,0.0
2026-05-23 23:28:06,259,19.65,38,0,0.016,0.921,0.05,1.91803,0.0,0.0,0.0
2026-05-23 23:28:06,260,30.72,51,0,0.023,0.894,0.05,5.674887,0.143,0.0307,0.0
2026-05-23 23:28:06,261,17.58,35,0,0.015,0.94,0.05,1.003098,0.0,0.0,0.0
2026-05-23 23:28:06,262,19.95,38,0,0.035,0.964,0.05,2.168211,0.0,0.0,0.0
2026-05-23 23:28:06,263,-1.8,38,7,0.038,0.944,0.05,7.581734,0.116,0.0259,0.0
2026-05-23 23:28:06,264,15.48,50,5,0.04,0.926,0.05,1.034484,0.365,0.1167,0.0
2026-05-23 23:28:06,265,15.43,40,2,0.04,0.936,0.05,1.177363,0.109,0.0217,0.0
2026-05-23 23:28:07,266,-209.06,175,113,0.05,0.847,0.05,6.277329,0.24,2.2166,0.5898
2026-05-23 23:28:07,267,19.34,36,0,0.042,0.959,0.05,1.025367,0.0,0.0,0.0
2026-05-23 23:28:07,268,32.07,51,0,0.036,0.94,0.05,2.124548,0.068,0.0081,0.0
2026-05-23 23:28:07,269,39.84,58,0,0.018,0.941,0.05,1.549354,0.0,0.0,0.0
2026-05-23 23:28:07,270,-22.13,60,21,0.034,0.929,0.05,1.405641,0.32,0.0777,0.0
2026-05-23 23:28:07,271,41.99,60,0,0.036,0.932,0.05,4.452682,0.289,0.0846,0.0
2026-05-23 23:28:07,272,20.09,38,0,0.041,0.937,0.05,3.949453,0.0,0.0,0.0
2026-05-23 23:28:07,273,22.26,40,0,0.048,0.954,0.05,6.263082,0.0,0.0,0.0
2026-05-23 23:28:07,274,23.14,40,0,0.008,0.936,0.05,4.104637,0.0,0.0,0.0
2026-05-23 23:28:07,275,17.66,35,0,0.045,0.955,0.05,1.349261,0.0,0.0,0.0
2026-05-23 23:28:08,276,33.19,51,0,0.05,0.959,0.05,1.803043,0.0,0.0,0.0
2026-05-23 23:28:08,277,-152.09,212,109,0.018,0.922,0.05,3.500224,0.071,2.7611,0.4377
2026-05-23 23:28:08,278,34.85,56,0,0.0,0.865,0.05,4.258293,0.1,0.017,0.0
2026-05-23 23:28:08,279,30.11,48,0,0.012,0.938,0.05,1.441374,0.0,0.0,0.0
2026-05-23 23:28:08,280,16.0,33,0,0.035,0.95,0.05,3.36089,0.0,0.0,0.0
2026-05-23 23:28:08,281,-3.66,25,3,0.031,0.907,0.05,4.87164,0.088,0.0182,0.0
2026-05-23 23:28:08,282,35.85,53,0,0.032,0.946,0.05,2.814021,0.0,0.0,0.0
2026-05-23 23:28:08,283,29.26,48,0,0.035,0.944,0.05,2.677021,0.095,0.0172,0.0
2026-05-23 23:28:09,284,203.15,301,21,0.041,0.864,0.05,6.42517,0.216,2.7488,0.0
2026-05-23 23:28:09,285,131.07,275,22,0.0,0.573,0.05,4.581278,0.291,2.5254,0.0
2026-05-23 23:28:09,286,20.64,149,24,0.0,0.466,0.05,11.147421,0.79,0.9847,0.0
2026-05-23 23:28:09,287,29.9,48,0,0.043,0.951,0.05,9.836841,0.0,0.0,0.0
2026-05-23 23:28:10,288,158.32,296,37,0.0,0.926,0.05,2.85419,0.13,3.0083,0.0
2026-05-23 23:28:10,289,-70.43,40,28,0.046,0.777,0.05,5.318451,0.549,0.2554,0.0
2026-05-23 23:28:10,290,176.33,282,16,0.046,0.6,0.05,2.551563,0.458,2.7199,0.0
2026-05-23 23:28:10,291,-218.94,50,76,0.042,0.641,0.05,7.082262,0.581,0.354,0.0
2026-05-23 23:28:10,292,-80.09,40,30,0.043,0.725,0.05,3.904561,0.582,0.2566,0.0
2026-05-23 23:28:11,293,117.61,254,36,0.049,0.85,0.05,5.013977,0.296,2.2396,0.0
2026-05-23 23:28:11,294,-45.08,53,25,0.029,0.902,0.05,8.102641,0.402,0.1313,0.0
2026-05-23 23:28:11,295,-12.42,66,19,0.045,0.865,0.05,3.931791,0.622,0.2644,0.0
2026-05-23 23:28:11,296,-78.26,48,33,0.047,0.777,0.05,9.506487,0.366,0.14,0.0
2026-05-23 23:28:11,297,153.97,254,24,0.042,0.881,0.05,2.626516,0.531,2.5254,0.0
2026-05-23 23:28:12,298,-4.49,23,0,0.048,0.704,0.05,5.167275,0.036,0.004,0.0
2026-05-23 23:28:12,299,-21.88,33,10,0.025,0.774,0.05,4.737135,0.29,0.0731,0.0
2026-05-23 23:28:12,300,210.01,255,0,0.035,0.724,0.05,2.7887,0.739,2.2556,0.0
2026-05-23 23:28:13,301,-15.39,48,14,0.044,0.886,0.05,2.0033,0.5,0.1904,0.0
2026-05-23 23:28:13,302,-8.0,58,15,0.04,0.882,0.05,5.774914,0.556,0.1957,0.0
2026-05-23 23:28:13,303,177.06,284,20,0.048,0.761,0.05,6.177153,0.151,2.5264,0.0
2026-05-23 23:28:14,304,-92.21,35,36,0.028,0.93,0.05,6.989243,0.261,0.0849,0.0
2026-05-23 23:28:14,305,-78.34,35,31,0.042,0.912,0.05,3.699431,0.333,0.1035,0.0
2026-05-23 23:28:14,306,8.67,58,10,0.034,0.912,0.05,7.391771,0.445,0.1593,0.0
2026-05-23 23:28:14,307,-20.52,38,13,0.024,0.909,0.05,3.856225,0.176,0.0453,0.0
2026-05-23 23:28:14,308,-22.31,48,17,0.0,0.952,0.05,6.676732,0.176,0.0381,0.0
2026-05-23 23:28:14,309,14.78,38,1,0.035,0.9,0.05,8.438642,0.125,0.0287,0.0
2026-05-23 23:28:14,310,-53.17,50,28,0.035,0.928,0.05,4.143425,0.308,0.1091,0.0
2026-05-23 23:28:14,311,-102.02,25,36,0.049,0.941,0.05,2.055591,0.153,0.0419,0.0
2026-05-23 23:28:15,312,-56.06,50,29,0.036,0.945,0.05,7.682266,0.076,0.0402,0.0
2026-05-23 23:28:15,313,33.66,53,0,0.024,0.928,0.05,6.062982,0.22,0.0542,0.0
2026-05-23 23:28:15,314,-44.09,28,17,0.024,0.859,0.05,1.700611,0.145,0.0253,0.0
2026-05-23 23:28:15,315,-18.87,58,19,0.028,0.934,0.05,5.159269,0.262,0.0657,0.0
2026-05-23 23:28:15,316,26.04,46,0,0.0,0.904,0.05,6.889862,0.059,0.0106,0.0
2026-05-23 23:28:15,317,-72.13,40,31,0.047,0.938,0.05,4.110258,0.294,0.074,0.0
2026-05-23 23:28:15,318,49.07,68,0,0.04,0.919,0.05,1.829588,0.415,0.1488,0.0
2026-05-23 23:28:15,319,37.94,58,0,0.041,0.936,0.05,6.486622,0.283,0.0667,0.0
2026-05-23 23:28:16,320,27.08,55,3,0.033,0.931,0.05,4.815719,0.282,0.0957,0.0
2026-05-23 23:28:16,321,14.41,33,0,0.024,0.944,0.05,3.115761,0.09,0.0153,0.0
2026-05-23 23:28:16,322,11.47,40,3,0.024,0.943,0.05,4.539507,0.031,0.0065,0.0
2026-05-23 23:28:16,323,36.36,55,0,0.035,0.934,0.05,3.466617,0.247,0.0787,0.0
2026-05-23 23:28:16,324,-0.56,55,12,0.033,0.927,0.05,6.312347,0.327,0.0957,0.0
2026-05-23 23:28:16,325,34.25,53,0,0.044,0.944,0.05,3.865956,0.158,0.0341,0.0
2026-05-23 23:28:16,326,27.31,45,0,0.04,0.943,0.05,1.29596,0.15,0.0392,0.0
2026-05-23 23:28:17,327,33.46,53,0,0.047,0.95,0.05,3.896619,0.073,0.0109,0.0
2026-05-23 23:28:17,328,22.95,41,0,0.03,0.969,0.05,3.471814,0.014,0.002,0.0
2026-05-23 23:28:17,329,29.67,50,0,0.034,0.941,0.05,1.471352,0.163,0.0282,0.0
2026-05-23 23:28:17,330,16.15,35,0,0.012,0.935,0.05,3.050839,0.074,0.0124,0.0
2026-05-23 23:28:17,331,24.9,45,0,0.022,0.939,0.05,3.228525,0.098,0.0224,0.0
2026-05-23 23:28:17,332,35.43,55,0,0.043,0.944,0.05,3.391759,0.174,0.0401,0.0
2026-05-23 23:28:17,333,20.02,40,0,0.048,0.95,0.05,1.835253,0.038,0.0057,0.0
2026-05-23 23:28:17,334,16.15,35,0,0.012,0.936,0.05,4.82857,0.092,0.0138,0.0
2026-05-23 23:28:18,335,17.59,38,0,0.047,0.899,0.05,1.720109,0.03,0.0027,0.0
2026-05-23 23:28:18,336,36.38,55,0,0.037,0.943,0.05,3.962057,0.129,0.0259,0.0
2026-05-23 23:28:18,337,18.09,41,0,0.0,0.775,0.05,6.145975,0.035,0.0041,0.0
2026-05-23 23:28:18,338,10.98,30,0,0.031,0.946,0.05,1.219242,0.028,0.0033,0.0
2026-05-23 23:28:18,339,10.3,30,0,0.042,0.948,0.05,4.960153,0.0,0.0,0.0
2026-05-23 23:28:18,340,29.1,48,0,0.044,0.958,0.05,3.624802,0.083,0.0125,0.0
2026-05-23 23:28:18,341,20.12,40,0,0.007,0.932,0.05,3.196817,0.04,0.006,0.0
2026-05-23 23:28:18,342,25.95,45,0,0.043,0.949,0.05,3.671414,0.089,0.0131,0.0
2026-05-23 23:28:18,343,29.96,48,0,0.031,0.941,0.05,5.414275,0.113,0.0204,0.0
2026-05-23 23:28:19,344,0.83,20,0,0.048,0.943,0.05,4.460649,0.0,0.0,0.0
2026-05-23 23:28:19,345,16.85,38,0,0.045,0.883,0.05,1.668835,0.007,0.0004,0.0
2026-05-23 23:28:19,346,7.34,28,0,0.017,0.852,0.05,5.103919,0.004,0.0007,0.0
2026-05-23 23:28:19,347,10.14,30,0,0.021,0.935,0.05,10.423918,0.0,0.0,0.0
2026-05-23 23:28:19,348,13.43,33,0,0.044,0.91,0.05,3.335868,0.018,0.0011,0.0
2026-05-23 23:28:19,349,16.53,35,0,0.041,0.948,0.05,4.089322,0.098,0.0166,0.0
2026-05-23 23:28:19,350,18.27,38,0,0.0,0.935,0.05,3.876728,0.034,0.0031,0.0
2026-05-23 23:28:20,351,27.71,46,0,0.008,0.96,0.05,1.811357,0.044,0.0039,0.0
2026-05-23 23:28:20,352,22.29,43,0,0.0,0.918,0.05,3.035872,0.016,0.0019,0.0
2026-05-23 23:28:20,353,22.27,41,0,0.0,0.884,0.05,4.470118,0.0,0.0,0.0
2026-05-23 23:28:20,354,28.3,48,0,0.043,0.942,0.05,1.578452,0.051,0.0092,0.0
2026-05-23 23:28:20,355,32.79,53,0,0.0,0.921,0.05,8.042856,0.022,0.0045,0.0
2026-05-23 23:28:20,356,10.5,30,0,0.03,0.92,0.05,8.556633,0.067,0.0081,0.0
2026-05-23 23:28:20,357,18.62,36,0,0.004,0.956,0.05,3.183138,0.0,0.0,0.0
2026-05-23 23:28:21,358,18.52,38,0,0.002,0.96,0.05,8.70108,0.0,0.0,0.0
2026-05-23 23:28:21,359,16.51,35,0,0.025,0.942,0.05,1.277298,0.062,0.0074,0.0
2026-05-23 23:28:21,360,32.79,53,0,0.0,0.915,0.05,1.308953,0.186,0.0395,0.0
2026-05-23 23:28:21,361,25.33,45,0,0.048,0.951,0.05,2.53383,0.046,0.0055,0.0
2026-05-23 23:28:21,362,20.01,40,0,0.007,0.934,0.05,7.905603,0.036,0.0033,0.0
2026-05-23 23:28:21,363,30.07,50,0,0.023,0.94,0.05,1.516671,0.051,0.0061,0.0
2026-05-23 23:28:21,364,27.99,48,0,0.002,0.961,0.05,6.744599,0.012,0.0007,0.0
2026-05-23 23:28:21,365,31.9,53,0,0.037,0.913,0.05,5.985004,0.29,0.0731,0.0
2026-05-23 23:28:21,366,31.62,51,0,0.009,0.949,0.05,8.664206,0.005,0.0011,0.0
2026-05-23 23:28:21,367,17.8,38,0,0.0,0.896,0.05,5.152025,0.024,0.0022,0.0
2026-05-23 23:28:22,368,31.57,51,0,0.0,0.929,0.05,2.748676,0.052,0.0065,0.0
2026-05-23 23:28:22,369,25.62,46,0,0.03,0.882,0.05,5.263656,0.091,0.0136,0.0
2026-05-23 23:28:22,370,22.3,41,0,0.0,0.906,0.05,2.388533,0.0,0.0,0.0
2026-05-23 23:28:22,371,20.09,40,0,0.038,0.938,0.05,8.366662,0.141,0.0314,0.0
2026-05-23 23:28:22,372,18.42,36,0,0.044,0.969,0.05,1.07279,0.035,0.0042,0.0
2026-05-23 23:28:22,373,33.5,53,0,0.044,0.939,0.05,4.945114,0.158,0.0359,0.0
2026-05-23 23:28:22,374,17.35,36,0,0.0,0.915,0.05,1.194332,0.0,0.0,0.0
2026-05-23 23:28:22,375,13.77,33,0,0.018,0.892,0.05,9.444527,0.099,0.0171,0.0
2026-05-23 23:28:22,376,38.94,60,0,0.027,0.89,0.05,13.396025,0.363,0.1147,0.0
2026-05-23 23:28:22,377,39.77,61,0,0.01,0.88,0.05,4.382651,0.207,0.0584,0.0
2026-05-23 23:28:23,378,30.51,51,0,0.014,0.872,0.05,3.601784,0.179,0.0354,0.0
2026-05-23 23:28:23,379,23.08,46,0,0.0,0.801,0.05,3.345623,0.046,0.0041,0.0
2026-05-23 23:28:23,380,17.14,38,0,0.0,0.883,0.05,1.187438,0.171,0.035,0.0
2026-05-23 23:28:23,381,21.7,41,0,0.0,0.881,0.05,3.51838,0.003,0.0003,0.0
2026-05-23 23:28:23,382,6.92,28,0,0.019,0.858,0.05,2.570803,0.122,0.0239,0.0
2026-05-23 23:28:23,383,21.74,41,0,0.011,0.921,0.05,2.720173,0.036,0.0032,0.0
2026-05-23 23:28:23,384,18.93,38,0,0.029,0.925,0.05,4.708723,0.061,0.0092,0.0
2026-05-23 23:28:23,385,39.13,60,0,0.041,0.903,0.05,3.00414,0.437,0.1384,0.0
2026-05-23 23:28:23,386,27.24,46,0,0.032,0.951,0.05,4.522954,0.012,0.0014,0.0
2026-05-23 23:28:23,387,24.16,45,0,0.023,0.919,0.05,2.626246,0.141,0.0255,0.0
2026-05-23 23:28:23,388,43.04,65,0,0.05,0.879,0.05,1.043214,0.604,0.2367,0.0
2026-05-23 23:28:24,389,20.0,41,0,0.0,0.839,0.05,4.715117,0.027,0.0029,0.0
2026-05-23 23:28:24,390,25.52,46,0,0.0,0.895,0.05,2.209808,0.026,0.0024,0.0
2026-05-23 23:28:24,391,18.98,38,0,0.047,0.934,0.05,2.810049,0.069,0.0101,0.0
2026-05-23 23:28:24,392,10.66,38,2,0.026,0.897,0.05,3.735477,0.097,0.0214,0.0
2026-05-23 23:28:24,393,11.63,36,0,0.048,0.742,0.05,2.195926,0.0,0.0,0.0
2026-05-23 23:28:24,394,-10.14,28,6,0.011,0.865,0.05,2.837667,0.068,0.0082,0.0
2026-05-23 23:28:24,395,15.91,41,2,0.0,0.929,0.05,1.426018,0.027,0.0056,0.0
2026-05-23 23:28:24,396,1.77,38,6,0.009,0.962,0.05,6.066525,0.088,0.0158,0.0
2026-05-23 23:28:24,397,7.37,48,6,0.044,0.872,0.05,4.448588,0.392,0.1356,0.0
2026-05-23 23:28:24,398,1.56,41,7,0.005,0.963,0.05,4.568871,0.016,0.0023,0.0
2026-05-23 23:28:25,399,15.72,36,0,0.046,0.836,0.05,4.845531,0.018,0.0011,0.0
2026-05-23 23:28:25,400,26.87,46,0,0.0,0.935,0.05,4.358819,0.048,0.0061,0.0
2026-05-23 23:28:26,401,19.62,40,0,0.027,0.928,0.05,8.617014,0.173,0.0404,0.0
2026-05-23 23:28:26,402,45.27,68,0,0.0,0.882,0.05,0.8386,0.445,0.1593,0.0
2026-05-23 23:28:26,403,24.78,45,0,0.042,0.941,0.05,7.301458,0.196,0.0437,0.0
2026-05-23 23:28:26,404,-88.06,23,29,0.047,0.796,0.05,8.116617,0.0,0.0,0.0
2026-05-23 23:28:26,405,7.35,38,3,0.049,0.863,0.05,7.048921,0.107,0.0172,0.0
2026-05-23 23:28:26,406,-63.64,25,23,0.012,0.917,0.05,1.272614,0.142,0.0324,0.0
2026-05-23 23:28:26,407,-17.88,28,9,0.0,0.947,0.05,4.918059,0.086,0.0155,0.0
2026-05-23 23:28:26,408,5.29,28,0,0.031,0.813,0.05,3.507199,0.078,0.0111,0.0
2026-05-23 23:28:27,409,-13.82,33,9,0.028,0.915,0.05,7.240869,0.144,0.0273,0.0
2026-05-23 23:28:27,410,180.06,349,24,0.05,0.682,0.05,2.639514,0.0,3.0085,0.0
2026-05-23 23:28:27,411,23.26,41,0,0.022,0.968,0.05,5.802409,0.0,0.0,0.0
2026-05-23 23:28:27,412,-28.3,30,13,0.042,0.931,0.05,5.57149,0.214,0.0431,0.0
2026-05-23 23:28:27,413,4.04,48,6,0.036,0.779,0.05,1.094192,0.377,0.1341,0.0
2026-05-23 23:28:27,414,10.21,33,0,0.011,0.815,0.05,1.097738,0.105,0.0171,0.0
2026-05-23 23:28:28,415,-249.24,23,84,0.006,0.938,0.05,6.316053,0.0,0.0,0.0
2026-05-23 23:28:28,416,-62.25,20,21,0.044,0.941,0.05,5.592915,0.145,0.0265,0.0
2026-05-23 23:28:28,417,99.97,131,0,0.018,0.711,0.05,1.57342,0.894,0.7747,0.0
2026-05-23 23:28:28,418,15.35,36,0,0.0,0.86,0.05,5.32792,0.08,0.012,0.0
2026-05-23 23:28:28,419,5.18,36,4,0.011,0.921,0.05,2.079794,0.025,0.0031,0.0
2026-05-23 23:28:28,420,2.87,40,5,0.032,0.911,0.05,5.440827,0.356,0.1069,0.0
2026-05-23 23:28:28,421,5.09,28,0,0.045,0.792,0.05,1.788404,0.0,0.0,0.0
2026-05-23 23:28:28,422,-19.13,40,13,0.033,0.927,0.05,5.07582,0.277,0.0651,0.0
2026-05-23 23:28:29,423,-107.94,25,37,0.018,0.896,0.05,0.719189,0.203,0.0715,0.0
2026-05-23 23:28:29,424,9.6,30,0,0.044,0.93,0.05,4.47528,0.286,0.0713,0.0
2026-05-23 23:28:29,425,10.2,28,0,0.05,0.929,0.05,7.185246,0.0,0.0,0.0
2026-05-23 23:28:29,426,-73.5,25,25,0.046,0.845,0.05,6.818012,0.47,0.1633,0.0
2026-05-23 23:28:29,427,27.05,46,0,0.021,0.952,0.05,4.720522,0.025,0.0022,0.0
2026-05-23 23:28:29,428,-92.15,40,36,0.034,0.873,0.05,7.288117,0.375,0.1776,0.0
2026-05-23 23:28:29,429,-30.94,48,19,0.039,0.907,0.05,8.931375,0.335,0.1037,0.0
2026-05-23 23:28:30,430,-28.25,43,16,0.033,0.85,0.05,4.831676,0.452,0.1584,0.0
2026-05-23 23:28:30,431,32.41,59,1,0.047,0.884,0.05,2.896437,0.557,0.2284,0.0
2026-05-23 23:28:30,432,-97.18,41,37,0.043,0.749,0.05,8.476055,0.13,0.0689,0.0
2026-05-23 23:28:30,433,18.41,53,4,0.034,0.899,0.05,4.125499,0.253,0.1121,0.0
2026-05-23 23:28:30,434,-31.44,63,24,0.0,0.9,0.05,4.599024,0.291,0.1088,0.0
2026-05-23 23:28:30,435,-1.93,45,9,0.041,0.93,0.05,9.11786,0.286,0.0736,0.0
2026-05-23 23:28:30,436,15.81,38,0,0.006,0.868,0.05,2.048478,0.228,0.0566,0.0
2026-05-23 23:28:30,437,-63.07,20,20,0.035,0.827,0.05,4.3213,0.14,0.0309,0.0
2026-05-23 23:28:31,438,14.93,38,1,0.017,0.911,0.05,3.338453,0.226,0.0578,0.0
2026-05-23 23:28:31,439,-7.46,33,6,0.0,0.821,0.05,4.589368,0.019,0.0017,0.0
2026-05-23 23:28:31,440,54.83,78,0,0.0,0.865,0.05,4.312774,0.553,0.2594,0.0
2026-05-23 23:28:31,441,31.72,51,0,0.0,0.945,0.05,8.314905,0.0,0.0,0.0
2026-05-23 23:28:31,442,27.62,51,0,0.02,0.823,0.05,1.669759,0.255,0.0596,0.0
2026-05-23 23:28:31,443,-28.0,38,15,0.023,0.891,0.05,2.267329,0.288,0.0818,0.0
2026-05-23 23:28:31,444,-50.7,43,23,0.026,0.835,0.05,4.116303,0.385,0.21,0.0
2026-05-23 23:28:31,445,-41.37,35,18,0.008,0.904,0.05,6.259641,0.247,0.079,0.0
2026-05-23 23:28:32,446,8.1,37,0,0.0,0.673,0.05,3.625373,0.16,0.0365,0.0
2026-05-23 23:28:32,447,-4.94,41,8,0.0,0.865,0.05,1.727153,0.186,0.0369,0.0
2026-05-23 23:28:32,448,7.25,43,5,0.017,0.914,0.05,2.572452,0.247,0.0699,0.0
2026-05-23 23:28:32,449,31.72,56,0,0.049,0.837,0.05,10.241632,0.553,0.2212,0.0
2026-05-23 23:28:32,450,7.76,28,0,0.049,0.9,0.05,7.711684,0.115,0.0241,0.0
2026-05-23 23:28:33,451,-30.79,28,12,0.029,0.821,0.05,3.649661,0.176,0.032,0.0
2026-05-23 23:28:33,452,22.6,43,0,0.045,0.935,0.05,5.923558,0.199,0.0554,0.0
2026-05-23 23:28:33,453,20.42,46,0,0.019,0.766,0.05,1.634415,0.085,0.0174,0.0
2026-05-23 23:28:33,454,-49.57,38,22,0.032,0.903,0.05,6.247043,0.348,0.105,0.0
2026-05-23 23:28:34,455,41.77,63,0,0.028,0.902,0.05,2.585514,0.367,0.137,0.0
2026-05-23 23:28:34,456,-34.4,35,16,0.042,0.907,0.05,7.446191,0.388,0.1592,0.0
2026-05-23 23:28:34,457,22.66,41,0,0.028,0.919,0.05,17.417446,0.0,0.0,0.0
2026-05-23 23:28:34,458,-39.29,38,19,0.033,0.923,0.05,9.845446,0.277,0.0639,0.0
2026-05-23 23:28:34,459,11.28,51,5,0.049,0.825,0.05,5.196393,0.238,0.0691,0.0
2026-05-23 23:28:34,460,-40.46,58,25,0.036,0.883,0.05,2.006968,0.46,0.2033,0.0
2026-05-23 23:28:34,461,-23.59,28,9,0.0,0.788,0.05,10.985181,0.155,0.0304,0.0
2026-05-23 23:28:34,462,21.56,41,0,0.046,0.886,0.05,2.631985,0.005,0.0003,0.0
2026-05-23 23:28:35,463,-50.3,28,18,0.009,0.794,0.05,4.60615,0.187,0.0414,0.0
2026-05-23 23:28:35,464,28.32,51,0,0.047,0.87,0.05,5.816832,0.182,0.0428,0.0
2026-05-23 23:28:35,465,-26.56,33,13,0.044,0.896,0.05,9.768978,0.296,0.0875,0.0
2026-05-23 23:28:35,466,22.24,48,1,0.032,0.896,0.05,2.030771,0.385,0.1662,0.0
2026-05-23 23:28:35,467,22.59,41,0,0.0,0.933,0.05,4.594044,0.004,0.0007,0.0
2026-05-23 23:28:35,468,12.49,50,5,0.041,0.882,0.05,6.353041,0.504,0.2094,0.0
2026-05-23 23:28:35,469,30.21,51,0,0.047,0.924,0.05,6.79395,0.365,0.1071,0.0
2026-05-23 23:28:36,470,-30.42,58,22,0.046,0.876,0.05,5.011587,0.598,0.239,0.0
2026-05-23 23:28:36,471,45.73,68,0,0.047,0.889,0.05,11.694967,0.55,0.2138,0.0
2026-05-23 23:28:36,472,34.53,57,0,0.0,0.839,0.05,5.763699,0.076,0.0159,0.0
2026-05-23 23:28:36,473,-35.3,38,17,0.049,0.874,0.05,5.855713,0.323,0.0868,0.0
2026-05-23 23:28:36,474,1.81,33,4,0.011,0.958,0.05,1.818404,0.158,0.0332,0.0
2026-05-23 23:28:36,475,-21.15,45,14,0.044,0.879,0.05,4.413886,0.501,0.2374,0.0
2026-05-23 23:28:36,476,128.42,290,26,0.037,0.698,0.05,1.998677,0.0,2.7144,0.0
2026-05-23 23:28:37,477,-76.06,45,32,0.041,0.813,0.05,9.03443,0.56,0.2148,0.0
2026-05-23 23:28:37,478,-12.17,38,9,0.048,0.842,0.05,4.837897,0.196,0.0442,0.0
2026-05-23 23:28:37,479,-40.17,51,23,0.002,0.896,0.05,4.347916,0.402,0.1331,0.0
2026-05-23 23:28:37,480,37.04,61,0,0.031,0.85,0.05,14.919758,0.454,0.1629,0.0
2026-05-23 23:28:37,481,185.46,274,7,0.029,0.721,0.05,13.427794,0.0,2.488,0.0
2026-05-23 23:28:38,482,69.16,97,0,0.0,0.801,0.05,13.090223,0.838,0.5458,0.0
2026-05-23 23:28:38,483,242.78,314,0,0.0,0.74,0.05,2.518504,0.0,2.8028,0.0
2026-05-23 23:28:38,484,28.3,47,0,0.036,0.942,0.05,7.183018,0.061,0.0129,0.0
2026-05-23 23:28:38,485,-34.57,43,18,0.036,0.848,0.05,6.715922,0.394,0.1383,0.0
2026-05-23 23:28:38,486,-42.09,48,20,0.036,0.73,0.05,11.326774,0.507,0.2522,0.0
2026-05-23 23:28:39,487,-12.81,48,13,0.0,0.911,0.05,1.125093,0.454,0.1577,0.0
2026-05-23 23:28:39,488,180.02,300,12,0.0,0.675,0.05,3.961987,0.0,2.6084,0.0
2026-05-23 23:28:39,489,17.94,36,0,0.019,0.934,0.05,5.571468,0.0,0.0,0.0
2026-05-23 23:28:39,490,-14.15,148,37,0.022,0.54,0.05,5.875822,0.687,1.3009,0.0
2026-05-23 23:28:39,491,-40.68,35,17,0.032,0.839,0.05,7.568636,0.456,0.1942,0.0
2026-05-23 23:28:40,492,162.37,331,26,0.0,0.711,0.05,6.629257,0.0,3.0511,0.0
2026-05-23 23:28:40,493,21.71,40,0,0.0,0.922,0.05,11.111031,0.026,0.0027,0.0
2026-05-23 23:28:40,494,162.87,297,17,0.024,0.704,0.05,3.139945,0.0,2.6236,0.0
2026-05-23 23:28:41,495,222.69,326,16,0.0,0.844,0.05,4.291795,0.0,2.8362,0.0
2026-05-23 23:28:41,496,210.87,315,17,0.0,0.871,0.05,3.599579,0.0,2.7868,0.0
2026-05-23 23:28:41,497,20.92,41,0,0.0,0.867,0.05,10.383183,0.03,0.0054,0.0
2026-05-23 23:28:41,498,-28.24,41,16,0.028,0.875,0.05,9.302337,0.348,0.1037,0.0
2026-05-23 23:28:42,499,83.3,267,42,0.013,0.753,0.05,2.935638,0.044,2.2695,0.0
2026-05-23 23:28:42,500,119.6,288,29,0.017,0.539,0.05,4.956065,0.325,2.6361,0.0
2026-05-23 23:28:43,501,149.12,307,27,0.0,0.692,0.05,4.130686,0.0,2.6213,0.0
2026-05-23 23:28:43,502,185.52,312,19,0.05,0.795,0.05,4.890929,0.0,2.7719,0.0
2026-05-23 23:28:43,503,-57.44,23,18,0.044,0.754,0.05,5.81966,0.17,0.0343,0.0
2026-05-23 23:28:44,504,167.97,314,26,0.0,0.766,0.05,4.249929,0.0,2.7688,0.0
2026-05-23 23:28:44,505,32.3,58,0,0.0,0.756,0.05,4.902488,0.32,0.105,0.0
2026-05-23 23:28:44,506,14.52,133,26,0.0,0.657,0.05,5.477107,0.598,1.0399,0.0
2026-05-23 23:28:44,507,3.4,29,0,0.046,0.724,0.05,1.460053,0.0,0.0,0.0
2026-05-23 23:28:45,508,156.95,289,22,0.0,0.711,0.05,2.706118,0.0,2.4799,0.0
2026-05-23 23:28:45,509,10.2,28,0,0.046,0.963,0.05,5.080022,0.0,0.0,0.0
2026-05-23 23:28:45,510,21.16,51,0,0.027,0.697,0.05,4.628716,0.408,0.1239,0.0
2026-05-23 23:28:45,511,171.85,332,36,0.039,0.874,0.05,7.005316,0.0,2.9951,0.0
2026-05-23 23:28:45,512,-33.71,33,12,0.018,0.671,0.05,2.132192,0.232,0.0543,0.0
2026-05-23 23:28:46,513,-56.24,131,50,0.017,0.759,0.05,2.147348,0.744,1.0833,0.0
2026-05-23 23:28:46,514,11.18,36,0,0.048,0.735,0.05,9.127481,0.045,0.0094,0.0
2026-05-23 23:28:46,515,98.27,244,36,0.018,0.913,0.05,2.757075,0.0,2.3932,0.0
2026-05-23 23:28:46,516,84.2,287,54,0.0,0.909,0.05,4.368562,0.0,2.6474,0.0
2026-05-23 23:28:47,517,109.6,260,37,0.0,0.882,0.05,6.537272,0.0,2.4378,0.0
2026-05-23 23:28:47,518,136.94,310,46,0.0,0.952,0.05,4.114003,0.0,2.8797,0.0
2026-05-23 23:28:48,519,124.46,253,25,0.046,0.738,0.05,6.410118,0.007,2.2846,0.0
2026-05-23 23:28:48,520,170.95,320,38,0.0,0.948,0.05,5.703791,0.0,2.8151,0.0
2026-05-23 23:28:48,521,13.82,54,6,0.029,0.857,0.05,8.647123,0.262,0.0674,0.0
2026-05-23 23:28:48,522,184.21,347,43,0.0,0.95,0.05,8.848767,0.0,3.1796,0.0
2026-05-23 23:28:49,523,197.36,310,14,0.026,0.79,0.05,3.637457,0.0,3.1796,0.0
2026-05-23 23:28:49,524,118.38,280,26,0.0,0.58,0.05,3.181512,0.408,2.5947,0.0
2026-05-23 23:28:49,525,64.2,299,60,0.02,0.86,0.05,3.542399,0.0,2.7321,0.0
2026-05-23 23:28:50,526,133.03,272,33,0.0,0.904,0.05,6.566373,0.0,2.3367,0.0
2026-05-23 23:28:50,527,49.52,297,59,0.0,0.785,0.05,7.471423,0.0,2.6985,0.0
2026-05-23 23:28:50,528,-75.86,33,27,0.042,0.745,0.05,10.292923,0.297,0.119,0.0
2026-05-23 23:28:51,529,172.77,304,28,0.0,0.854,0.05,3.286919,0.0,2.5407,0.0
2026-05-23 23:28:51,530,91.89,290,55,0.0,0.933,0.05,5.068285,0.0,2.5347,0.0
2026-05-23 23:28:52,531,109.25,296,50,0.0,0.916,0.05,5.972449,0.0,2.6808,0.0
2026-05-23 23:28:52,532,138.88,283,29,0.0,0.827,0.05,7.752535,0.0,2.4346,0.0
2026-05-23 23:28:52,533,76.8,298,62,0.026,0.966,0.05,2.908377,0.0,3.0277,0.0
2026-05-23 23:28:53,534,216.84,297,15,0.035,0.949,0.05,4.395232,0.0,2.5946,0.0
2026-05-23 23:28:53,535,127.72,268,31,0.0,0.799,0.05,3.486186,0.003,2.286,0.0
2026-05-23 23:28:53,536,-2.64,271,73,0.0,0.941,0.05,6.308441,0.0,3.3181,0.5702
2026-05-23 23:28:54,537,127.97,308,49,0.0,0.909,0.05,3.39102,0.0,2.6961,0.0
2026-05-23 23:28:54,538,30.3,51,0,0.0,0.887,0.05,4.301256,0.017,0.002,0.0
2026-05-23 23:28:54,539,128.26,274,38,0.0,0.886,0.05,4.436392,0.0,2.4592,0.0
2026-05-23 23:28:55,540,-55.06,138,53,0.0,0.805,0.05,3.713943,0.557,1.148,0.0
2026-05-23 23:28:55,541,32.23,53,0,0.0,0.868,0.05,5.014721,0.045,0.0054,0.0
2026-05-23 23:28:55,542,48.49,247,44,0.01,0.597,0.05,2.997334,0.712,2.1229,0.0
2026-05-23 23:28:55,543,230.7,360,33,0.0,0.904,0.05,5.849723,0.0,3.0695,0.0
2026-05-23 23:28:56,544,19.99,197,48,0.0,0.809,0.05,4.964909,0.084,1.5291,0.0
2026-05-23 23:28:56,545,-87.33,23,28,0.031,0.758,0.05,11.160789,0.099,0.018,0.0
2026-05-23 23:28:56,546,44.39,64,0,0.0,0.914,0.05,3.966078,0.0,0.0,0.0
2026-05-23 23:28:56,547,103.09,297,54,0.0,0.924,0.05,7.086297,0.0,2.5888,0.0
2026-05-23 23:28:57,548,144.88,306,42,0.0,0.919,0.05,4.356924,0.0,2.6282,0.0
2026-05-23 23:28:57,549,128.2,289,43,0.0,0.915,0.05,8.093616,0.0,2.4299,0.0
2026-05-23 23:28:57,550,158.91,322,44,0.0,0.93,0.05,4.546268,0.0,2.7156,0.0
2026-05-23 23:28:59,551,190.82,298,9,0.017,0.666,0.05,4.354879,0.021,2.6418,0.0
2026-05-23 23:28:59,552,137.37,305,45,0.0,0.933,0.05,6.224846,0.0,2.9439,0.0
2026-05-23 23:28:59,553,194.16,303,26,0.0,0.934,0.05,3.540211,0.0,2.6552,0.0
2026-05-23 23:29:00,554,99.07,155,6,0.0,0.726,0.05,4.116045,0.591,1.0754,0.0
2026-05-23 23:29:00,555,-16.54,46,12,0.0,0.768,0.05,7.319772,0.181,0.0485,0.0
2026-05-23 23:29:00,556,233.17,325,12,0.016,0.855,0.05,3.965425,0.0,2.9698,0.0
2026-05-23 23:29:00,557,19.45,36,0,0.035,0.963,0.05,3.64945,0.0,0.0,0.0
2026-05-23 23:29:01,558,118.1,295,46,0.0,0.921,0.05,3.535353,0.0,2.5796,0.0
2026-05-23 23:29:01,559,144.13,301,40,0.0,0.933,0.05,3.867819,0.0,2.5838,0.0
2026-05-23 23:29:01,560,180.68,298,28,0.043,0.969,0.05,2.841684,0.0,2.5982,0.0
2026-05-23 23:29:01,561,15.73,41,0,0.035,0.754,0.05,2.788004,0.229,0.0572,0.0
2026-05-23 23:29:02,562,39.92,243,56,0.0,0.921,0.05,6.457077,0.0,2.2819,0.0
2026-05-23 23:29:02,563,-0.69,73,15,0.044,0.791,0.05,5.1445,0.623,0.4493,0.0
2026-05-23 23:29:02,564,30.63,54,0,0.0,0.787,0.05,3.875108,0.0,0.0,0.0
2026-05-23 23:29:03,565,103.52,270,44,0.0,0.842,0.05,4.098397,0.0,2.3126,0.0
2026-05-23 23:29:03,566,111.73,279,38,0.0,0.787,0.05,7.338473,0.002,2.488,0.0
2026-05-23 23:29:03,567,-83.18,63,40,0.038,0.845,0.05,6.490856,0.423,0.4456,0.0
2026-05-23 23:29:03,568,-12.8,56,13,0.048,0.748,0.05,6.806358,0.544,0.2342,0.0
2026-05-23 23:29:04,569,157.63,323,43,0.0,0.885,0.05,5.98677,0.0,2.8538,0.0
2026-05-23 23:29:04,570,202.97,313,26,0.0,0.935,0.05,6.095085,0.0,2.7321,0.0
2026-05-23 23:29:05,571,-11.6,235,71,0.0,0.895,0.05,8.026512,0.0,2.0761,0.0
2026-05-23 23:29:05,572,134.51,326,50,0.0,0.928,0.05,2.707996,0.0,2.9686,0.0
2026-05-23 23:29:06,573,140.11,296,40,0.0,0.951,0.05,4.029703,0.0,2.6379,0.0
2026-05-23 23:29:06,574,24.49,46,0,0.049,0.836,0.05,7.471799,0.043,0.0039,0.0
2026-05-23 23:29:06,575,18.16,36,0,0.046,0.925,0.05,3.347622,0.0,0.0,0.0
2026-05-23 23:29:06,576,65.18,159,19,0.011,0.679,0.05,3.290017,1.0,1.2152,0.0
2026-05-23 23:29:06,577,196.22,261,9,0.0,0.88,0.05,5.761029,0.0,2.3118,0.0
2026-05-23 23:29:07,578,151.94,281,31,0.0,0.917,0.05,4.230412,0.0,2.3942,0.0
2026-05-23 23:29:07,579,-36.36,33,15,0.03,0.795,0.05,6.163507,0.402,0.1399,0.0
2026-05-23 23:29:07,580,12.81,36,0,0.046,0.762,0.05,3.89132,0.0,0.0,0.0
2026-05-23 23:29:07,581,163.2,307,37,0.0,0.838,0.05,5.410913,0.0,2.7157,0.0
2026-05-23 23:29:08,582,167.44,223,6,0.025,0.823,0.05,6.594693,0.634,1.6126,0.0
2026-05-23 23:29:08,583,150.91,262,24,0.029,0.888,0.05,4.029687,0.0,2.3991,0.0
2026-05-23 23:29:08,584,52.69,84,0,0.0,0.695,0.05,3.60674,0.745,0.3513,0.0
2026-05-23 23:29:09,585,176.84,311,32,0.044,0.941,0.05,6.195889,0.0,3.0477,0.0
2026-05-23 23:29:09,586,100.37,250,37,0.0,0.887,0.05,6.922369,0.0,2.2931,0.0
2026-05-23 23:29:09,587,19.11,36,0,0.036,0.964,0.05,4.389652,0.0,0.0,0.0
2026-05-23 23:29:09,588,1.72,119,29,0.045,0.803,0.05,3.888713,0.65,0.8553,0.0
2026-05-23 23:29:10,589,198.31,315,18,0.0,0.806,0.05,7.213725,0.0,2.9813,0.0
2026-05-23 23:29:10,590,-78.42,36,32,0.0,0.956,0.05,8.036764,0.159,0.0351,0.0
2026-05-23 23:29:10,591,192.9,289,21,0.0,0.926,0.05,3.577114,0.0,2.4491,0.0
2026-05-23 23:29:10,592,-10.99,149,44,0.046,0.89,0.05,2.971277,0.885,1.2121,0.0
2026-05-23 23:29:11,593,103.76,175,11,0.0,0.69,0.05,4.425159,0.868,1.2147,0.0
2026-05-23 23:29:11,594,-95.92,51,42,0.044,0.966,0.05,3.659999,0.257,0.103,0.0
2026-05-23 23:29:11,595,-4.06,36,6,0.0,0.821,0.05,4.25352,0.046,0.0055,0.0
2026-05-23 23:29:11,596,255.0,305,4,0.0,0.916,0.05,5.608854,0.0,2.5888,0.0
2026-05-23 23:29:12,597,212.0,299,17,0.0,0.925,0.05,3.504575,0.0,2.5347,0.0
2026-05-23 23:29:12,598,1.17,201,51,0.046,0.614,0.05,4.521464,0.661,1.6784,0.0
2026-05-23 23:29:12,599,-38.14,78,31,0.01,0.913,0.05,5.552414,0.586,0.3965,0.0
2026-05-23 23:29:13,600,173.13,292,28,0.027,0.933,0.05,2.078811,0.0,2.6965,0.0
2026-05-23 23:29:14,601,10.14,59,8,0.0,0.78,0.05,2.980415,0.199,0.046,0.0
2026-05-23 23:29:14,602,145.72,315,42,0.042,0.919,0.05,5.558001,0.0,3.1937,0.0
2026-05-23 23:29:14,603,-2.7,64,15,0.0,0.893,0.05,4.009412,0.241,0.113,0.0
2026-05-23 23:29:15,604,-53.14,53,28,0.011,0.939,0.05,3.019712,0.423,0.2193,0.0
2026-05-23 23:29:15,605,21.34,41,0,0.046,0.862,0.05,5.073111,0.0,0.0,0.0
2026-05-23 23:29:15,606,-8.81,217,60,0.0,0.772,0.05,4.25603,0.082,2.0086,0.0
2026-05-23 23:29:15,607,188.54,295,23,0.049,0.95,0.05,6.213222,0.0,2.8043,0.0
2026-05-23 23:29:15,608,-10.05,36,8,0.005,0.837,0.05,3.803156,0.232,0.0606,0.0
2026-05-23 23:29:16,609,149.92,305,35,0.0,0.858,0.05,5.864624,0.0,2.7628,0.0
2026-05-23 23:29:16,610,121.3,177,7,0.028,0.793,0.05,4.899628,0.678,1.3416,0.0
2026-05-23 23:29:16,611,142.79,264,26,0.0,0.867,0.05,3.594363,0.0,2.2702,0.0
2026-05-23 23:29:16,612,-35.92,61,24,0.0,0.833,0.05,2.968615,0.417,0.151,0.0
2026-05-23 23:29:17,613,9.98,36,0,0.0,0.742,0.05,5.570047,0.037,0.0033,0.0
2026-05-23 23:29:17,614,214.8,300,16,0.0,0.91,0.05,3.160127,0.0,2.5233,0.0
2026-05-23 23:29:17,615,3.57,213,57,0.0,0.89,0.05,5.080928,0.019,1.9229,0.0
2026-05-23 23:29:18,616,160.74,346,50,0.0,0.925,0.05,6.580354,0.0,3.1961,0.0
2026-05-23 23:29:18,617,25.09,54,0,0.0,0.692,0.05,3.364034,0.105,0.0171,0.0
2026-05-23 23:29:18,618,-24.7,59,20,0.002,0.83,0.05,3.546614,0.382,0.1328,0.0
2026-05-23 23:29:18,619,161.52,296,33,0.016,0.918,0.05,3.887965,0.0,2.7301,0.0
2026-05-23 23:29:19,620,164.85,312,26,0.022,0.77,0.05,3.35095,0.0,2.8286,0.0
2026-05-23 23:29:19,621,101.54,249,37,0.019,0.854,0.05,3.821172,0.0,2.3367,0.0
2026-05-23 23:29:19,622,-86.77,23,30,0.037,0.917,0.05,4.91307,0.143,0.0395,0.0
2026-05-23 23:29:19,623,-61.39,38,25,0.039,0.81,0.05,5.177754,0.44,0.1473,0.0
2026-05-23 23:29:19,624,42.7,64,0,0.0,0.866,0.05,3.911701,0.0,0.0,0.0
2026-05-23 23:29:20,625,20.48,61,6,0.0,0.916,0.05,4.091187,0.374,0.1869,0.0
2026-05-23 23:29:20,626,138.71,290,39,0.042,0.953,0.05,7.57227,0.0,2.537,0.0
2026-05-23 23:29:20,627,139.16,280,30,0.015,0.829,0.05,3.541681,0.0,2.6552,0.0
2026-05-23 23:29:21,628,185.91,304,26,0.05,0.924,0.05,2.9226,0.0,2.7958,0.0
2026-05-23 23:29:21,629,205.79,307,18,0.0,0.859,0.05,6.172573,0.0,2.5695,0.0
2026-05-23 23:29:21,630,172.75,281,23,0.003,0.935,0.05,3.699999,0.0,2.4962,0.0
2026-05-23 23:29:22,631,32.09,54,0,0.0,0.822,0.05,5.36713,0.356,0.1022,0.0
2026-05-23 23:29:22,632,27.45,46,0,0.0,0.927,0.05,4.574326,0.001,0.0001,0.0
2026-05-23 23:29:22,633,36.65,69,3,0.04,0.875,0.05,4.404305,0.521,0.233,0.0
2026-05-23 23:29:22,634,151.96,318,41,0.0,0.885,0.05,3.922699,0.0,2.8362,0.0
2026-05-23 23:29:22,635,-89.23,69,44,0.034,0.828,0.05,4.621655,0.677,0.4515,0.0
2026-05-23 23:29:23,636,166.8,299,31,0.0,0.898,0.05,4.67275,0.0,2.5501,0.0
2026-05-23 23:29:23,637,185.24,331,37,0.006,0.925,0.05,4.852044,0.0,3.1938,0.0
2026-05-23 23:29:23,638,175.67,301,28,0.016,0.903,0.05,4.021626,0.0,2.8229,0.0
2026-05-23 23:29:24,639,32.62,54,0,0.0,0.823,0.05,5.019169,0.0,0.0,0.0
2026-05-23 23:29:24,640,20.83,41,0,0.044,0.886,0.05,5.94376,0.074,0.011,0.0
2026-05-23 23:29:24,641,123.34,290,40,0.039,0.89,0.05,5.378712,0.0,2.7888,0.0
2026-05-23 23:29:24,642,193.56,334,27,0.023,0.797,0.05,7.89045,0.0,3.0963,0.0
2026-05-23 23:29:24,643,30.95,48,0,0.0,0.943,0.05,3.094828,0.0,0.0,0.0
2026-05-23 23:29:24,644,2.98,66,14,0.036,0.945,0.05,4.653263,0.503,0.2138,0.0
2026-05-23 23:29:25,645,-11.5,64,18,0.028,0.923,0.05,3.540857,0.448,0.1472,0.0
2026-05-23 23:29:25,646,246.15,337,17,0.028,0.914,0.05,5.005842,0.0,3.1796,0.0
2026-05-23 23:29:25,647,0.07,36,6,0.0,0.952,0.05,4.497191,0.089,0.0133,0.0
2026-05-23 23:29:25,648,-60.71,59,33,0.047,0.935,0.05,5.717195,0.463,0.1892,0.0
2026-05-23 23:29:26,649,203.39,296,12,0.0,0.7,0.05,5.563422,0.19,2.3437,0.0
2026-05-23 23:29:26,650,-66.53,36,28,0.018,0.957,0.05,5.396713,0.172,0.0508,0.0
2026-05-23 23:29:27,651,133.74,259,25,0.018,0.797,0.05,5.614589,0.0,2.2558,0.0
2026-05-23 23:29:27,652,-23.58,69,23,0.031,0.883,0.05,2.923897,0.702,0.3719,0.0
2026-05-23 23:29:27,653,14.9,64,9,0.0,0.873,0.05,4.956679,0.463,0.1921,0.0
2026-05-23 23:29:27,654,3.84,23,0,0.046,0.888,0.05,5.768356,0.0,0.0,0.0
2026-05-23 23:29:28,655,156.16,285,21,0.042,0.69,0.05,4.279134,0.003,2.5888,0.0
2026-05-23 23:29:28,656,35.44,59,0,0.0,0.809,0.05,4.977149,0.305,0.0947,0.0
2026-05-23 23:29:28,657,16.53,41,0,0.0,0.76,0.05,4.608119,0.018,0.0028,0.0
2026-05-23 23:29:28,658,-78.77,41,33,0.0,0.887,0.05,4.955593,0.276,0.108,0.0
2026-05-23 23:29:28,659,-68.07,51,32,0.031,0.874,0.05,4.446636,0.602,0.3195,0.0
2026-05-23 23:29:28,660,-82.91,46,36,0.024,0.917,0.05,6.278526,0.239,0.0615,0.0
2026-05-23 23:29:28,661,-19.35,36,12,0.046,0.922,0.05,6.41957,0.19,0.0453,0.0
2026-05-23 23:29:29,662,264.88,342,0,0.0,0.734,0.05,4.284936,0.0,3.0562,0.0
2026-05-23 23:29:29,663,-45.06,36,20,0.024,0.877,0.05,5.298193,0.228,0.0519,0.0
2026-05-23 23:29:29,664,-21.37,54,18,0.002,0.88,0.05,6.899969,0.385,0.1577,0.0
2026-05-23 23:29:29,665,-61.16,36,26,0.035,0.931,0.05,4.528407,0.102,0.0236,0.0
2026-05-23 23:29:30,666,265.08,363,20,0.0,0.938,0.05,7.819839,0.0,3.2093,0.0
2026-05-23 23:29:30,667,157.1,304,34,0.0,0.885,0.05,5.348738,0.0,2.7144,0.0
2026-05-23 23:29:30,668,201.99,307,12,0.023,0.784,0.05,7.136637,0.0,2.8422,0.0
2026-05-23 23:29:31,669,163.84,273,19,0.019,0.771,0.05,5.25465,0.03,2.3982,0.0
2026-05-23 23:29:31,670,-39.3,36,18,0.0,0.861,0.05,5.000079,0.083,0.0148,0.0
2026-05-23 23:29:31,671,-8.61,41,10,0.032,0.936,0.05,4.769435,0.078,0.022,0.0
2026-05-23 23:29:31,672,-38.13,41,19,0.0,0.854,0.05,3.81806,0.234,0.0559,0.0
2026-05-23 23:29:31,673,221.2,327,21,0.0,0.866,0.05,4.413544,0.0,2.9109,0.0
2026-05-23 23:29:32,674,-50.82,33,21,0.0,0.916,0.05,8.278482,0.346,0.1176,0.0
2026-05-23 23:29:32,675,-108.08,53,46,0.0,0.878,0.05,3.436867,0.659,0.3175,0.0
2026-05-23 23:29:32,676,226.52,336,16,0.0,0.812,0.05,5.527594,0.0,3.148,0.0
2026-05-23 23:29:32,677,-12.12,73,21,0.0,0.903,0.05,6.255409,0.686,0.3311,0.0
2026-05-23 23:29:32,678,10.78,36,2,0.007,0.91,0.05,6.304693,0.045,0.0068,0.0
2026-05-23 23:29:33,679,121.75,281,36,0.027,0.839,0.05,4.57849,0.0,2.6437,0.0
2026-05-23 23:29:33,680,205.97,288,4,0.0,0.666,0.05,6.250803,0.494,2.719,0.0
2026-05-23 23:29:33,681,1.28,28,2,0.015,0.851,0.05,3.508035,0.219,0.0499,0.0
2026-05-23 23:29:33,682,-101.8,28,36,0.002,0.873,0.05,6.346298,0.157,0.0301,0.0
2026-05-23 23:29:34,683,162.17,314,34,0.039,0.863,0.05,3.008217,0.0,3.1938,0.0
2026-05-23 23:29:34,684,-41.65,61,27,0.0,0.939,0.05,6.701127,0.285,0.1201,0.0
2026-05-23 23:29:34,685,19.32,84,14,0.0,0.876,0.05,5.720757,0.598,0.3146,0.0
2026-05-23 23:29:34,686,-4.03,63,15,0.048,0.952,0.05,4.490748,0.489,0.2165,0.0
2026-05-23 23:29:34,687,4.9,159,37,0.047,0.64,0.05,8.643972,0.949,1.3916,0.0
2026-05-23 23:29:35,688,176.4,310,27,0.039,0.847,0.05,4.66763,0.0,2.8749,0.0
2026-05-23 23:29:35,689,162.83,315,38,0.037,0.934,0.05,6.950384,0.0,3.0085,0.0
2026-05-23 23:29:35,690,-23.92,28,10,0.0,0.853,0.05,3.588596,0.133,0.0297,0.0
2026-05-23 23:29:35,691,97.07,259,35,0.0,0.712,0.05,4.546068,0.221,2.1839,0.0
2026-05-23 23:29:36,692,-35.44,66,26,0.034,0.866,0.05,4.976513,0.48,0.2297,0.0
2026-05-23 23:29:36,693,261.95,315,2,0.01,0.862,0.05,4.420444,0.0,2.7793,0.0
2026-05-23 23:29:36,694,21.25,86,13,0.0,0.81,0.05,5.486956,0.697,0.3961,0.0
2026-05-23 23:29:36,695,-71.64,76,41,0.01,0.835,0.05,5.102378,0.779,0.487,0.0
2026-05-23 23:29:37,696,187.79,332,34,0.0,0.893,0.05,3.228553,0.0,2.8801,0.0
2026-05-23 23:29:37,697,194.9,332,31,0.048,0.847,0.05,3.877525,0.0,2.9109,0.0
2026-05-23 23:29:37,698,-95.44,28,34,0.041,0.885,0.05,5.310826,0.29,0.0731,0.0
2026-05-23 23:29:37,699,19.55,36,0,0.04,0.969,0.05,5.146014,0.0,0.0,0.0
2026-05-23 23:29:37,700,20.61,123,25,0.017,0.848,0.05,6.075619,0.501,0.7759,0.0
2026-05-23 23:29:39,701,238.43,305,7,0.03,0.886,0.05,2.827417,0.0,2.5946,0.0
2026-05-23 23:29:39,702,157.02,314,38,0.037,0.897,0.05,4.789336,0.0,3.0382,0.0
2026-05-23 23:29:39,703,239.88,296,4,0.035,0.865,0.05,2.446716,0.0,2.4592,0.0
2026-05-23 23:29:40,704,-86.27,23,30,0.044,0.929,0.05,7.263008,0.179,0.0372,0.0
2026-05-23 23:29:40,705,-15.24,46,14,0.041,0.962,0.05,2.935108,0.151,0.0391,0.0
2026-05-23 23:29:40,706,-15.22,54,16,0.0,0.875,0.05,5.092416,0.372,0.1326,0.0
2026-05-23 23:29:40,707,23.4,54,3,0.0,0.843,0.05,2.05817,0.157,0.0273,0.0
2026-05-23 23:29:40,708,26.06,89,13,0.0,0.846,0.05,3.276114,0.612,0.3699,0.0
2026-05-23 23:29:40,709,-7.37,46,11,0.015,0.908,0.05,4.809988,0.277,0.0679,0.0
2026-05-23 23:29:40,710,-1.03,54,12,0.046,0.957,0.05,4.235587,0.228,0.0723,0.0
2026-05-23 23:29:40,711,-25.76,59,21,0.0,0.875,0.05,3.637231,0.309,0.0968,0.0
2026-05-23 23:29:41,712,37.31,59,0,0.0,0.823,0.05,4.017292,0.0,0.0,0.0
2026-05-23 23:29:41,713,30.41,59,0,0.0,0.713,0.05,5.045828,0.159,0.0305,0.0
2026-05-23 23:29:41,714,174.33,284,20,0.0,0.809,0.05,6.551613,0.0,2.5501,0.0
2026-05-23 23:29:41,715,17.82,36,0,0.049,0.942,0.05,5.455818,0.0,0.0,0.0
2026-05-23 23:29:41,716,-94.16,46,40,0.038,0.956,0.05,5.970928,0.325,0.1159,0.0
2026-05-23 23:29:42,717,220.81,323,15,0.028,0.825,0.05,2.732877,0.0,2.8735,0.0
2026-05-23 23:29:42,718,31.02,54,1,0.038,0.911,0.05,8.25134,0.186,0.0424,0.0
2026-05-23 23:29:42,719,-95.26,59,45,0.008,0.964,0.05,5.854945,0.455,0.1518,0.0
2026-05-23 23:29:42,720,31.1,59,0,0.0,0.71,0.05,5.078351,0.326,0.0875,0.0
2026-05-23 23:29:42,721,-6.15,59,15,0.018,0.928,0.05,8.349165,0.371,0.1101,0.0
2026-05-23 23:29:42,722,23.83,41,0,0.036,0.958,0.05,4.848053,0.0,0.0,0.0
2026-05-23 23:29:42,723,-49.29,41,21,0.0,0.749,0.05,6.090127,0.223,0.0516,0.0
2026-05-23 23:29:42,724,-28.96,36,15,0.0,0.882,0.05,6.081147,0.177,0.0411,0.0
2026-05-23 23:29:43,725,223.56,330,23,0.031,0.911,0.05,7.046304,0.0,3.1179,0.0
2026-05-23 23:29:43,726,138.16,259,21,0.041,0.681,0.05,4.342654,0.445,2.0666,0.0
2026-05-23 23:29:43,727,260.75,329,1,0.029,0.778,0.05,5.664522,0.0,3.1539,0.0
2026-05-23 23:29:43,728,40.17,59,0,0.0,0.907,0.05,7.288734,0.0,0.0,0.0
2026-05-23 23:29:44,729,-11.97,95,27,0.005,0.817,0.05,2.906436,0.864,0.618,0.0
2026-05-23 23:29:44,730,40.8,69,2,0.041,0.92,0.05,6.971972,0.602,0.2825,0.0
2026-05-23 23:29:44,731,-30.88,41,17,0.009,0.882,0.05,5.382201,0.259,0.0714,0.0
2026-05-23 23:29:44,732,-18.06,41,13,0.032,0.912,0.05,4.694518,0.399,0.1187,0.0
2026-05-23 23:29:44,733,-42.43,36,19,0.029,0.869,0.05,5.361031,0.252,0.0614,0.0
2026-05-23 23:29:45,734,195.86,311,23,0.021,0.864,0.05,5.680292,0.0,2.7301,0.0
2026-05-23 23:29:45,735,-0.25,36,4,0.0,0.792,0.05,6.654381,0.207,0.0486,0.0
2026-05-23 23:29:45,736,166.32,305,33,0.043,0.905,0.05,6.658538,0.0,2.6379,0.0
2026-05-23 23:29:45,737,167.92,317,35,0.0,0.854,0.05,8.960331,0.0,2.6367,0.0
2026-05-23 23:29:45,738,35.92,54,0,0.0,0.903,0.05,5.074348,0.0,0.0,0.0
2026-05-23 23:29:46,739,-24.53,41,14,0.0,0.788,0.05,5.09651,0.173,0.0404,0.0
2026-05-23 23:29:46,740,17.87,71,11,0.026,0.937,0.05,6.588675,0.391,0.1516,0.0
2026-05-23 23:29:46,741,31.23,59,2,0.0,0.858,0.05,8.939219,0.168,0.0392,0.0
2026-05-23 23:29:46,742,254.18,346,19,0.035,0.93,0.05,5.669551,0.0,3.1937,0.0
2026-05-23 23:29:46,743,32.04,59,0,0.0,0.72,0.05,8.402249,0.1,0.017,0.0
2026-05-23 23:29:46,744,-57.19,72,36,0.0,0.916,0.05,3.756083,0.751,0.3635,0.0
2026-05-23 23:29:47,745,-0.7,41,7,0.032,0.894,0.05,4.18435,0.224,0.0485,0.0
2026-05-23 23:29:47,746,171.4,305,31,0.032,0.906,0.05,6.967469,0.0,2.8028,0.0
2026-05-23 23:29:47,747,5.32,46,6,0.032,0.822,0.05,5.230103,0.352,0.1024,0.0
2026-05-23 23:29:47,748,-11.96,36,10,0.0,0.959,0.05,4.907536,0.059,0.007,0.0
2026-05-23 23:29:47,749,30.94,64,4,0.049,0.928,0.05,7.21348,0.598,0.2458,0.0
2026-05-23 23:29:48,750,197.5,309,21,0.028,0.856,0.05,7.673725,0.0,2.6678,0.0
2026-05-23 23:29:49,751,-16.82,36,11,0.035,0.905,0.05,4.495122,0.219,0.0499,0.0
2026-05-23 23:29:49,752,-71.73,54,35,0.037,0.922,0.05,4.183926,0.381,0.1885,0.0
2026-05-23 23:29:49,753,22.57,41,0,0.047,0.938,0.05,7.628126,0.0,0.0,0.0
2026-05-23 23:29:49,754,-63.23,54,32,0.029,0.894,0.05,3.20936,0.594,0.2801,0.0
2026-05-23 23:29:49,755,114.17,263,37,0.037,0.918,0.05,6.863389,0.0,2.2931,0.0
2026-05-23 23:29:49,756,35.37,59,0,0.0,0.782,0.05,7.633778,0.03,0.0027,0.0
2026-05-23 23:29:50,757,256.0,348,17,0.048,0.907,0.05,4.055832,0.0,3.1682,0.0
2026-05-23 23:29:50,758,-70.66,51,33,0.0,0.875,0.05,4.457489,0.602,0.2825,0.0
2026-05-23 23:29:50,759,-42.45,41,21,0.013,0.901,0.05,12.217095,0.294,0.0856,0.0
2026-05-23 23:29:50,760,12.22,66,11,0.012,0.904,0.05,3.952454,0.422,0.1522,0.0
2026-05-23 23:29:51,761,234.95,338,23,0.0,0.928,0.05,12.31656,0.0,2.8749,0.0
2026-05-23 23:29:51,762,31.63,49,0,0.05,0.939,0.05,5.437081,0.0,0.0,0.0
2026-05-23 23:29:51,763,-4.33,54,13,0.029,0.942,0.05,9.840335,0.392,0.1329,0.0
2026-05-23 23:29:51,764,152.59,321,42,0.024,0.888,0.05,3.360733,0.0,2.8028,0.0
2026-05-23 23:29:52,765,196.34,315,27,0.015,0.902,0.05,7.995617,0.0,3.1296,0.0
2026-05-23 23:29:52,766,25.96,46,0,0.0,0.886,0.05,8.658364,0.0,0.0,0.0
2026-05-23 23:29:52,767,177.76,266,15,0.01,0.828,0.05,7.399482,0.0,2.2702,0.0
2026-05-23 23:29:52,768,-18.47,59,19,0.024,0.931,0.05,7.573865,0.348,0.1227,0.0
2026-05-23 23:29:52,769,-36.63,69,27,0.041,0.85,0.05,6.287319,0.545,0.3401,0.0
2026-05-23 23:29:52,770,41.52,76,4,0.0,0.883,0.05,8.477245,0.646,0.3203,0.0
2026-05-23 23:29:53,771,214.15,318,23,0.039,0.932,0.05,8.191701,0.0,3.0132,0.0
2026-05-23 23:29:53,772,18.12,36,0,0.02,0.935,0.05,5.249439,0.0,0.0,0.0
2026-05-23 23:29:53,773,143.56,314,42,0.012,0.856,0.05,7.319576,0.0,2.8653,0.0
2026-05-23 23:29:53,774,-55.77,36,23,0.0,0.806,0.05,7.300169,0.097,0.0214,0.0
2026-05-23 23:29:54,775,224.1,323,21,0.012,0.923,0.05,8.036348,0.0,2.7387,0.0
2026-05-23 23:29:54,776,-81.59,56,38,0.0,0.868,0.05,6.757856,0.515,0.251,0.0
2026-05-23 23:29:54,777,30.65,99,13,0.029,0.768,0.05,12.119579,0.939,0.7415,0.0
2026-05-23 23:29:54,778,170.07,284,26,0.015,0.873,0.05,3.993682,0.0,2.2931,0.0
2026-05-23 23:29:54,779,4.76,36,4,0.005,0.909,0.05,6.044886,0.035,0.0052,0.0
2026-05-23 23:29:55,780,-80.19,36,30,0.0,0.754,0.05,5.229712,0.087,0.0159,0.0
2026-05-23 23:29:55,781,280.35,339,4,0.039,0.863,0.05,12.006017,0.0,2.8151,0.0
2026-05-23 23:29:55,782,-40.99,41,18,0.0,0.725,0.05,2.809187,0.119,0.0183,0.0
2026-05-23 23:29:55,783,35.93,56,0,0.023,0.917,0.05,11.147241,0.0,0.0,0.0
2026-05-23 23:29:55,784,168.67,295,30,0.018,0.916,0.05,4.807837,0.0,2.537,0.0
2026-05-23 23:29:56,785,-8.45,33,6,0.0,0.807,0.05,8.165551,0.104,0.0242,0.0
2026-05-23 23:29:56,786,35.5,54,0,0.0,0.936,0.05,11.322889,0.061,0.0088,0.0
2026-05-23 23:29:56,787,-87.93,43,36,0.0,0.87,0.05,6.360834,0.523,0.2095,0.0
2026-05-23 23:29:56,788,-4.81,94,24,0.019,0.793,0.05,10.877438,0.848,0.6343,0.0
2026-05-23 23:29:56,789,158.28,305,34,0.028,0.875,0.05,9.14637,0.0,2.7739,0.0
2026-05-23 23:29:56,790,-30.31,36,15,0.0,0.858,0.05,8.998113,0.082,0.0161,0.0
2026-05-23 23:29:57,791,240.04,310,8,0.031,0.868,0.05,3.740761,0.0,2.6844,0.0
2026-05-23 23:29:57,792,121.3,241,29,0.0,0.896,0.05,12.389299,0.0,1.8949,0.0
2026-05-23 23:29:57,793,-69.88,28,26,0.001,0.928,0.05,6.24412,0.163,0.0493,0.0
2026-05-23 23:29:58,794,150.48,278,24,0.042,0.798,0.05,8.455186,0.0,2.6167,0.0
2026-05-23 23:29:58,795,-37.63,54,24,0.0,0.94,0.05,10.12498,0.25,0.0792,0.0
2026-05-23 23:29:58,796,40.04,139,21,0.0,0.711,0.05,5.611648,0.94,1.1022,0.0
2026-05-23 23:29:58,797,-87.64,33,33,0.0,0.895,0.05,10.398198,0.382,0.1245,0.0
2026-05-23 23:29:58,798,-41.72,59,27,0.046,0.932,0.05,9.460799,0.486,0.165,0.0
2026-05-23 23:29:59,799,87.49,262,40,0.049,0.674,0.05,5.09243,0.231,2.1804,0.0
2026-05-23 23:29:59,800,69.39,93,0,0.0,0.838,0.05,9.974746,0.759,0.3996,0.0
2026-05-23 23:30:00,801,-113.22,30,40,0.033,0.883,0.05,10.989288,0.385,0.1912,0.0
2026-05-23 23:30:00,802,-58.89,36,25,0.039,0.914,0.05,8.204863,0.186,0.0424,0.0
2026-05-23 23:30:00,803,107.21,239,26,0.03,0.712,0.05,8.732519,0.02,2.0727,0.0
2026-05-23 23:30:01,804,180.13,317,33,0.044,0.925,0.05,11.644249,0.0,2.8749,0.0
2026-05-23 23:30:01,805,186.35,309,26,0.031,0.882,0.05,3.842709,0.0,2.7079,0.0
2026-05-23 23:30:01,806,242.99,342,22,0.0,0.919,0.05,6.089806,0.0,3.0085,0.0
2026-05-23 23:30:02,807,215.14,329,27,0.021,0.951,0.05,10.963022,0.0,3.0012,0.0
2026-05-23 23:30:02,808,17.01,46,3,0.0,0.919,0.05,11.793444,0.084,0.0152,0.0
2026-05-23 23:30:02,809,23.47,41,0,0.048,0.939,0.05,8.252018,0.0,0.0,0.0
2026-05-23 23:30:02,810,-79.63,87,47,0.0,0.852,0.05,15.172676,0.565,0.3995,0.0
2026-05-23 23:30:02,811,199.41,315,27,0.0,0.922,0.05,5.036736,0.0,2.6086,0.0
2026-05-23 23:30:03,812,244.74,308,9,0.0,0.926,0.05,8.491283,0.0,2.8538,0.0
2026-05-23 23:30:03,813,198.21,315,22,0.0,0.838,0.05,10.036333,0.0,2.8886,0.0
2026-05-23 23:30:03,814,16.57,41,0,0.0,0.78,0.05,6.332638,0.053,0.0062,0.0
2026-05-23 23:30:03,815,-2.02,76,18,0.039,0.861,0.05,4.358289,0.829,0.5442,0.0
2026-05-23 23:30:04,816,-16.2,87,27,0.037,0.943,0.05,6.486366,0.756,0.4089,0.0
2026-05-23 23:30:04,817,18.98,41,0,0.0,0.809,0.05,11.249669,0.05,0.0059,0.0
2026-05-23 23:30:04,818,16.83,110,23,0.0,0.867,0.05,4.062639,0.894,0.6346,0.0
2026-05-23 23:30:04,819,197.16,331,30,0.0,0.84,0.05,5.771293,0.0,2.6965,0.0
2026-05-23 23:30:04,820,176.28,309,31,0.0,0.884,0.05,9.10897,0.0,2.5303,0.0
2026-05-23 23:30:05,821,117.91,264,34,0.036,0.858,0.05,5.32147,0.0,2.6103,0.0
2026-05-23 23:30:05,822,152.41,250,17,0.014,0.745,0.05,4.766632,0.507,2.047,0.0
2026-05-23 23:30:05,823,23.76,46,0,0.047,0.841,0.05,8.666306,0.214,0.0472,0.0
2026-05-23 23:30:05,824,-25.9,41,15,0.0,0.829,0.05,11.701811,0.108,0.0187,0.0
2026-05-23 23:30:05,825,-45.58,43,22,0.009,0.899,0.05,5.968775,0.406,0.1603,0.0
2026-05-23 23:30:06,826,68.56,117,7,0.005,0.839,0.05,5.614085,0.87,0.6486,0.0
2026-05-23 23:30:06,827,11.99,33,0,0.041,0.876,0.05,13.977481,0.326,0.0875,0.0
2026-05-23 23:30:06,828,-73.2,46,33,0.0,0.922,0.05,8.294189,0.292,0.113,0.0
2026-05-23 23:30:06,829,242.79,337,17,0.0,0.898,0.05,8.563734,0.0,2.6957,0.0
2026-05-23 23:30:06,830,-6.42,36,7,0.0,0.846,0.05,15.654449,0.218,0.0523,0.0
2026-05-23 23:30:07,831,229.95,334,23,0.0,0.925,0.05,8.703207,0.0,3.1296,0.0
2026-05-23 23:30:07,832,-79.38,46,35,0.016,0.938,0.05,9.604167,0.448,0.1403,0.0
2026-05-23 23:30:07,833,203.5,330,31,0.0,0.936,0.05,7.729423,0.0,3.0468,0.0
2026-05-23 23:30:07,834,-22.16,38,12,0.0,0.796,0.05,4.744831,0.177,0.0338,0.0
2026-05-23 23:30:08,835,211.57,332,29,0.0,0.939,0.05,15.755384,0.0,2.8801,0.0
2026-05-23 23:30:08,836,140.78,246,19,0.0,0.727,0.05,8.658445,0.508,1.8051,0.0
2026-05-23 23:30:08,837,189.89,307,25,0.0,0.834,0.05,15.492061,0.0,2.7706,0.0
2026-05-23 23:30:09,838,167.95,312,25,0.0,0.695,0.05,12.06332,0.037,2.6755,0.0
2026-05-23 23:30:09,839,171.26,323,39,0.0,0.92,0.05,9.25528,0.0,2.9439,0.0
2026-05-23 23:30:09,840,239.32,322,13,0.0,0.866,0.05,12.795724,0.0,2.7121,0.0
2026-05-23 23:30:10,841,-49.83,46,25,0.005,0.917,0.05,7.390536,0.371,0.1099,0.0
2026-05-23 23:30:10,842,202.86,317,27,0.0,0.923,0.05,10.237116,0.0,2.6957,0.0
2026-05-23 23:30:10,843,-52.34,36,23,0.05,0.932,0.05,8.101482,0.162,0.0422,0.0
2026-05-23 23:30:10,844,-194.02,41,71,0.021,0.91,0.05,6.558266,0.226,0.1192,0.0
2026-05-23 23:30:10,845,-9.41,74,20,0.036,0.873,0.05,11.675817,0.485,0.2535,0.0
2026-05-23 23:30:11,846,213.8,322,23,0.038,0.932,0.05,5.64686,0.0,3.0695,0.0
2026-05-23 23:30:11,847,-42.45,36,18,0.0,0.79,0.05,5.131556,0.22,0.0513,0.0
2026-05-23 23:30:11,848,-78.66,69,42,0.047,0.922,0.05,13.203588,0.722,0.3928,0.0
2026-05-23 23:30:11,849,-17.63,107,33,0.018,0.909,0.05,9.351037,0.948,0.6148,0.0
2026-05-23 23:30:11,850,9.72,41,4,0.016,0.922,0.05,6.133539,0.177,0.041,0.0
2026-05-23 23:30:12,851,-39.67,36,18,0.0,0.844,0.05,12.97926,0.061,0.0098,0.0
2026-05-23 23:30:12,852,26.28,54,1,0.0,0.773,0.05,8.823575,0.195,0.0508,0.0
2026-05-23 23:30:13,853,-61.24,46,29,0.028,0.926,0.05,15.092169,0.356,0.137,0.0
2026-05-23 23:30:13,854,30.7,92,13,0.0,0.884,0.05,9.690804,0.646,0.3287,0.0
2026-05-23 23:30:13,855,39.77,59,0,0.042,0.967,0.05,7.10056,0.326,0.0875,0.0
2026-05-23 23:30:13,856,203.43,300,17,0.0,0.833,0.05,16.145243,0.0,2.4645,0.0
2026-05-23 23:30:13,857,-18.03,71,22,0.0,0.863,0.05,17.026148,0.798,0.3876,0.0
2026-05-23 23:30:13,858,-3.2,76,19,0.0,0.876,0.05,11.45307,0.686,0.3579,0.0
2026-05-23 23:30:14,859,53.76,84,3,0.028,0.914,0.05,10.273175,0.665,0.2915,0.0
2026-05-23 23:30:14,860,249.49,321,0,0.0,0.694,0.05,10.580558,0.029,2.909,0.0
2026-05-23 23:30:14,861,0.77,41,5,0.0,0.76,0.05,5.153308,0.207,0.0486,0.0
2026-05-23 23:30:14,862,-6.78,122,35,0.004,0.896,0.05,7.426788,0.906,0.7412,0.0
2026-05-23 23:30:14,863,-8.16,74,20,0.0,0.891,0.05,6.797909,0.692,0.3294,0.0
2026-05-23 23:30:15,864,10.59,112,25,0.024,0.878,0.05,14.111397,0.882,0.6133,0.0
2026-05-23 23:30:15,865,-81.45,66,41,0.0,0.848,0.05,13.188211,0.626,0.3789,0.0
2026-05-23 23:30:15,866,-4.16,74,19,0.036,0.931,0.05,7.49478,0.645,0.2766,0.0
2026-05-23 23:30:15,867,9.38,33,1,0.049,0.9,0.05,4.286417,0.152,0.0331,0.0
2026-05-23 23:30:15,868,47.8,82,4,0.0,0.884,0.05,10.052589,0.565,0.2669,0.0
2026-05-23 23:30:16,869,124.22,298,32,0.0,0.56,0.05,19.71171,0.122,2.7568,0.0
2026-05-23 23:30:16,870,209.92,325,25,0.03,0.926,0.05,9.040018,0.0,2.7927,0.0
2026-05-23 23:30:16,871,209.68,304,11,0.0,0.727,0.05,6.330053,0.058,2.9634,0.0
2026-05-23 23:30:16,872,-39.31,28,16,0.0,0.926,0.05,8.49169,0.149,0.0311,0.0
2026-05-23 23:30:17,873,-26.09,64,23,0.04,0.94,0.05,11.678786,0.404,0.1526,0.0
2026-05-23 23:30:17,874,156.95,278,21,0.022,0.727,0.05,12.674819,0.54,2.5249,0.0
2026-05-23 23:30:17,875,44.23,96,9,0.011,0.842,0.05,12.80867,0.858,0.4896,0.0
2026-05-23 23:30:17,876,169.24,251,10,0.0,0.676,0.05,12.977522,0.059,1.8808,0.0
2026-05-23 23:30:17,877,-46.22,87,37,0.0,0.932,0.05,13.991725,0.751,0.3635,0.0
2026-05-23 23:30:18,878,-93.17,28,33,0.0,0.858,0.05,11.044233,0.091,0.0158,0.0
2026-05-23 23:30:18,879,147.83,309,35,0.0,0.797,0.05,13.733359,0.0,2.7872,0.0
2026-05-23 23:30:18,880,-97.66,33,36,0.0,0.851,0.05,4.397058,0.365,0.1071,0.0
2026-05-23 23:30:18,881,21.22,41,0,0.0,0.892,0.05,6.877946,0.251,0.0593,0.0
2026-05-23 23:30:18,882,-63.85,61,34,0.045,0.872,0.05,5.869511,0.578,0.2775,0.0
2026-05-23 23:30:19,883,77.79,202,27,0.018,0.7,0.05,9.530409,1.0,1.4789,0.0
2026-05-23 23:30:19,884,-23.07,74,24,0.026,0.826,0.05,8.194511,0.728,0.4348,0.0
2026-05-23 23:30:19,885,-77.76,36,31,0.048,0.891,0.05,4.450001,0.302,0.0754,0.0
2026-05-23 23:30:19,886,-33.08,51,21,0.05,0.922,0.05,11.379352,0.23,0.071,0.0
2026-05-23 23:30:19,887,-43.71,51,24,0.035,0.869,0.05,8.060394,0.383,0.1167,0.0
2026-05-23 23:30:19,888,-4.69,36,6,0.0,0.814,0.05,11.175777,0.216,0.0545,0.0
2026-05-23 23:30:19,889,33.69,54,0,0.0,0.875,0.05,14.258852,0.223,0.0516,0.0
2026-05-23 23:30:20,890,-58.83,56,31,0.006,0.917,0.05,11.563527,0.435,0.173,0.0
2026-05-23 23:30:20,891,50.5,112,11,0.0,0.787,0.05,9.878264,0.934,0.5906,0.0
2026-05-23 23:30:20,892,22.82,69,8,0.009,0.897,0.05,10.37639,0.557,0.2162,0.0
2026-05-23 23:30:20,893,-27.71,48,18,0.042,0.903,0.05,12.563626,0.228,0.0499,0.0
2026-05-23 23:30:20,894,11.03,36,0,0.047,0.732,0.05,23.802389,0.0,0.0,0.0
2026-05-23 23:30:20,895,-16.28,69,21,0.0,0.896,0.05,8.704027,0.544,0.2482,0.0
2026-05-23 23:30:20,896,11.82,38,2,0.046,0.909,0.05,7.466293,0.324,0.0948,0.0
2026-05-23 23:30:21,897,-15.07,61,18,0.037,0.947,0.05,16.746653,0.441,0.1731,0.0
2026-05-23 23:30:21,898,18.03,36,0,0.045,0.886,0.05,10.996655,0.0,0.0,0.0
2026-05-23 23:30:21,899,6.86,28,0,0.047,0.824,0.05,8.824099,0.0,0.0,0.0
2026-05-23 23:30:21,900,12.4,54,7,0.0,0.876,0.05,13.235987,0.264,0.065,0.0
2026-05-23 23:30:22,901,-0.99,66,15,0.036,0.915,0.05,15.442572,0.483,0.2074,0.0
2026-05-23 23:30:22,902,-55.17,46,27,0.05,0.944,0.05,23.748878,0.444,0.1401,0.0
2026-05-23 23:30:22,903,-64.38,56,33,0.048,0.946,0.05,9.788528,0.415,0.1275,0.0
2026-05-23 23:30:22,904,49.36,115,13,0.023,0.841,0.05,26.665842,0.973,0.6749,0.0
2026-05-23 23:30:22,905,-106.6,30,38,0.029,0.899,0.05,9.144462,0.364,0.1704,0.0
2026-05-23 23:30:23,906,-45.21,33,19,0.023,0.876,0.05,8.833877,0.216,0.0484,0.0
2026-05-23 23:30:23,907,265.35,331,3,0.0,0.79,0.05,11.244884,0.0,2.9889,0.0
2026-05-23 23:30:23,908,-47.25,36,20,0.0,0.814,0.05,6.603446,0.126,0.0302,0.0
2026-05-23 23:30:23,909,-31.84,74,27,0.015,0.852,0.05,9.825568,0.809,0.4645,0.0
2026-05-23 23:30:23,910,-36.53,76,29,0.035,0.855,0.05,15.149034,0.85,0.504,0.0
2026-05-23 23:30:24,911,217.64,315,12,0.0,0.746,0.05,9.24773,0.0,2.8801,0.0
2026-05-23 23:30:24,912,18.2,36,0,0.03,0.949,0.05,12.398205,0.0,0.0,0.0
2026-05-23 23:30:24,913,-27.14,43,16,0.033,0.863,0.05,7.970083,0.462,0.2404,0.0
2026-05-23 23:30:24,914,-16.3,64,19,0.0,0.843,0.05,21.261415,0.264,0.0857,0.0
2026-05-23 23:30:24,915,38.28,84,8,0.027,0.924,0.05,12.608772,0.598,0.3146,0.0
2026-05-23 23:30:24,916,-25.48,28,11,0.03,0.897,0.05,13.24194,0.338,0.1008,0.0
2026-05-23 23:30:24,917,-18.65,23,6,0.048,0.801,0.05,10.636899,0.101,0.0181,0.0
2026-05-23 23:30:25,918,-32.29,101,33,0.0,0.7,0.05,10.311474,0.688,0.7313,0.0
2026-05-23 23:30:25,919,18.55,41,0,0.047,0.792,0.05,7.428344,0.0,0.0,0.0
2026-05-23 23:30:25,920,-82.72,59,40,0.02,0.896,0.05,14.362038,0.727,0.3372,0.0
2026-05-23 23:30:25,921,156.82,289,25,0.0,0.732,0.05,13.201282,0.059,2.3932,0.0
2026-05-23 23:30:26,922,206.76,323,24,0.0,0.847,0.05,14.400424,0.0,3.0695,0.0
2026-05-23 23:30:26,923,-11.79,69,20,0.0,0.917,0.05,13.272649,0.596,0.2641,0.0
2026-05-23 23:30:26,924,51.4,74,0,0.039,0.881,0.05,17.500025,0.673,0.2936,0.0
2026-05-23 23:30:26,925,-77.66,58,38,0.041,0.96,0.05,10.717505,0.382,0.1479,0.0
2026-05-23 23:30:26,926,-49.76,51,26,0.0,0.858,0.05,9.334334,0.28,0.0827,0.0
2026-05-23 23:30:26,927,9.59,105,24,0.0,0.916,0.05,7.710134,0.781,0.5338,0.0
2026-05-23 23:30:27,928,-50.92,87,39,0.0,0.945,0.05,8.612646,0.625,0.3048,0.0
2026-05-23 23:30:27,929,232.5,320,15,0.01,0.896,0.05,8.873017,0.0,3.1539,0.0
2026-05-23 23:30:27,930,43.43,69,0,0.0,0.748,0.05,10.979843,0.139,0.0292,0.0
2026-05-23 23:30:27,931,-62.08,66,36,0.042,0.933,0.05,20.256706,0.559,0.2829,0.0
2026-05-23 23:30:27,932,-29.5,63,23,0.017,0.873,0.05,15.581087,0.743,0.4164,0.0
2026-05-23 23:30:28,933,-62.46,61,34,0.0,0.911,0.05,9.874269,0.467,0.1748,0.0
2026-05-23 23:30:28,934,-99.53,41,40,0.049,0.915,0.05,35.87809,0.498,0.1876,0.0
2026-05-23 23:30:28,935,20.24,41,0,0.0,0.839,0.05,18.248119,0.079,0.0131,0.0
2026-05-23 23:30:28,936,-76.94,64,39,0.012,0.847,0.05,7.981646,0.734,0.4071,0.0
2026-05-23 23:30:28,937,-71.34,89,44,0.039,0.839,0.05,12.778546,0.837,0.5604,0.0
2026-05-23 23:30:28,938,-5.89,87,24,0.011,0.948,0.05,16.031044,0.686,0.3311,0.0
2026-05-23 23:30:28,939,-88.65,48,38,0.039,0.912,0.05,13.275593,0.321,0.119,0.0
2026-05-23 23:30:29,940,-3.41,56,12,0.0,0.832,0.05,13.521149,0.545,0.2175,0.0
2026-05-23 23:30:29,941,262.05,341,9,0.027,0.855,0.05,14.479308,0.0,3.1796,0.0
2026-05-23 23:30:29,942,15.06,77,13,0.0,0.849,0.05,6.342101,0.462,0.2404,0.0
2026-05-23 23:30:29,943,178.73,298,24,0.018,0.823,0.05,17.375952,0.005,2.5336,0.0
2026-05-23 23:30:30,944,-102.78,36,40,0.041,0.959,0.05,12.334121,0.359,0.1082,0.0
2026-05-23 23:30:30,945,202.58,315,23,0.0,0.85,0.05,12.724048,0.0,3.0107,0.0
2026-05-23 23:30:30,946,22.05,46,0,0.028,0.818,0.05,15.246944,0.19,0.0508,0.0
2026-05-23 23:30:30,947,-45.57,56,27,0.0,0.928,0.05,18.123571,0.318,0.1418,0.0
2026-05-23 23:30:30,948,-33.78,46,18,0.0,0.759,0.05,14.630165,0.306,0.078,0.0
2026-05-23 23:30:30,949,-13.7,46,12,0.0,0.814,0.05,9.340199,0.149,0.0311,0.0
2026-05-23 23:30:31,950,179.18,294,27,0.047,0.882,0.05,11.695904,0.0,2.3507,0.0
2026-05-23 23:30:32,951,84.61,147,10,0.031,0.734,0.05,23.696936,1.0,0.9294,0.0
2026-05-23 23:30:32,952,38.72,59,0,0.0,0.869,0.05,10.854007,0.0,0.0,0.0
2026-05-23 23:30:32,953,34.86,56,0,0.045,0.901,0.05,18.127575,0.286,0.0711,0.0
2026-05-23 23:30:32,954,26.49,54,1,0.0,0.789,0.05,17.985374,0.185,0.0375,0.0
2026-05-23 23:30:32,955,-5.44,74,19,0.046,0.885,0.05,12.911437,0.602,0.293,0.0
2026-05-23 23:30:32,956,36.25,109,15,0.05,0.875,0.05,12.499342,0.957,0.6601,0.0
2026-05-23 23:30:33,957,-79.53,36,29,0.0,0.72,0.05,12.46344,0.094,0.0274,0.0
2026-05-23 23:30:33,958,9.81,64,11,0.012,0.913,0.05,20.011269,0.456,0.1687,0.0
2026-05-23 23:30:33,959,-111.82,28,40,0.048,0.929,0.05,17.003782,0.32,0.0777,0.0
2026-05-23 23:30:33,960,173.9,319,33,0.0,0.844,0.05,19.477957,0.0,2.9099,0.0
2026-05-23 23:30:33,961,111.39,260,29,0.012,0.605,0.05,36.51487,0.14,2.1895,0.0
2026-05-23 23:30:34,962,-7.81,74,20,0.006,0.909,0.05,10.063898,0.742,0.3555,0.0
2026-05-23 23:30:34,963,-105.54,25,36,0.042,0.875,0.05,23.27743,0.333,0.1395,0.0
2026-05-23 23:30:34,964,27.1,46,0,0.031,0.946,0.05,10.990553,0.026,0.0024,0.0
2026-05-23 23:30:34,965,-49.32,71,32,0.0,0.799,0.05,12.570238,0.753,0.3927,0.0
2026-05-23 23:30:34,966,88.98,306,57,0.0,0.847,0.05,7.64731,0.0,2.7387,0.0
2026-05-23 23:30:35,967,-42.42,97,39,0.035,0.953,0.05,11.030388,0.75,0.4411,0.0
2026-05-23 23:30:35,968,146.71,283,31,0.046,0.772,0.05,20.191847,0.0,2.4165,0.0
2026-05-23 23:30:35,969,-9.52,104,29,0.024,0.845,0.05,19.731237,0.805,0.5809,0.0
2026-05-23 23:30:35,970,-7.67,33,5,0.0,0.753,0.05,16.37652,0.186,0.0429,0.0
2026-05-23 23:30:36,971,-34.59,84,32,0.009,0.858,0.05,29.578072,0.772,0.4096,0.0
2026-05-23 23:30:36,972,184.54,299,18,0.037,0.786,0.05,12.675634,0.003,2.7706,0.0
2026-05-23 23:30:36,973,208.62,313,20,0.032,0.863,0.05,29.075195,0.0,2.925,0.0
2026-05-23 23:30:37,974,35.61,56,0,0.038,0.905,0.05,10.148022,0.326,0.0906,0.0
2026-05-23 23:30:37,975,-23.75,201,60,0.047,0.803,0.05,16.870972,0.008,1.7971,0.0
2026-05-23 23:30:37,976,-10.5,68,18,0.043,0.872,0.05,23.720427,0.522,0.3656,0.0
2026-05-23 23:30:37,977,-42.37,46,22,0.014,0.87,0.05,35.563858,0.21,0.0487,0.0
2026-05-23 23:30:38,978,202.86,311,12,0.018,0.658,0.05,17.846731,0.059,2.9046,0.0
2026-05-23 23:30:38,979,-25.33,56,20,0.029,0.901,0.05,8.07155,0.39,0.192,0.0
2026-05-23 23:30:38,980,39.39,59,0,0.0,0.873,0.05,16.279827,0.002,0.0002,0.0
2026-05-23 23:30:38,981,-52.33,48,26,0.045,0.886,0.05,23.92095,0.581,0.2206,0.0
2026-05-23 23:30:38,982,-8.48,69,19,0.007,0.919,0.05,15.331074,0.536,0.2237,0.0
2026-05-23 23:30:38,983,-69.5,56,34,0.0,0.854,0.05,25.985411,0.536,0.2753,0.0
2026-05-23 23:30:38,984,33.34,64,3,0.045,0.901,0.05,19.759769,0.515,0.2234,0.0
2026-05-23 23:30:39,985,237.22,325,10,0.0,0.795,0.05,12.420712,0.0,2.9147,0.0
2026-05-23 23:30:39,986,-45.75,130,49,0.0,0.79,0.05,9.546317,1.0,0.8937,0.0
2026-05-23 23:30:39,987,-62.11,38,26,0.043,0.879,0.05,20.525259,0.394,0.194,0.0
2026-05-23 23:30:39,988,-26.97,56,21,0.036,0.952,0.05,20.529701,0.263,0.0923,0.0
2026-05-23 23:30:40,989,232.0,325,11,0.0,0.777,0.05,14.537218,0.0,2.7079,0.0
2026-05-23 23:30:40,990,-38.43,89,34,0.024,0.854,0.05,27.133112,0.884,0.5095,0.0
2026-05-23 23:30:40,991,-91.46,36,36,0.024,0.925,0.05,16.967672,0.317,0.1017,0.0
2026-05-23 23:30:40,992,-36.37,46,21,0.048,0.966,0.05,13.640596,0.332,0.0885,0.0
2026-05-23 23:30:40,993,-57.55,20,19,0.035,0.889,0.05,9.936079,0.169,0.0437,0.0
2026-05-23 23:30:41,994,9.43,57,9,0.049,0.953,0.05,18.151096,0.377,0.1341,0.0
2026-05-23 23:30:41,995,16.72,36,0,0.045,0.848,0.05,8.477262,0.0,0.0,0.0
2026-05-23 23:30:41,996,123.8,299,40,0.0,0.722,0.05,22.69445,0.0,2.6844,0.0
2026-05-23 23:30:41,997,-20.77,41,14,0.007,0.919,0.05,26.255087,0.241,0.0565,0.0
2026-05-23 23:30:41,998,-80.42,41,34,0.042,0.959,0.05,19.995636,0.385,0.115,0.0
2026-05-23 23:30:41,999,-1.7,84,21,0.038,0.897,0.05,7.423949,0.758,0.377,0.0
2026-05-23 23:30:42,1000,2.87,41,4,0.0,0.73,0.05,11.978974,0.17,0.0388,0.0
