2026-05-23 23:30:58,1,22.3,39,0,0.0,0.966,1.0,0.0,0.0,0.0,0.0
2026-05-23 23:30:58,2,21.54,37,0,0.015,0.968,1.0,0.0,0.0,0.0,0.0
2026-05-23 23:30:58,3,21.05,38,0,0.04,0.948,1.0,0.0,0.0,0.0,0.0
2026-05-23 23:30:58,4,11.54,28,0,0.019,0.957,1.0,0.0,0.0,0.0,0.0
2026-05-23 23:30:58,5,29.27,47,0,0.0,0.914,1.0,0.0,0.0,0.0,0.0
2026-05-23 23:30:58,6,25.1,42,0,0.045,0.951,1.0,0.0,0.0,0.0,0.0
2026-05-23 23:30:58,7,16.32,33,0,0.007,0.968,1.0,0.0,0.0,0.0,0.0
2026-05-23 23:30:58,8,15.28,32,0,0.022,0.937,1.0,0.0,0.0,0.0,0.0
2026-05-23 23:30:58,9,29.78,47,0,0.0,0.949,0.995,5.625583,0.0,0.0,0.0
2026-05-23 23:30:58,10,23.86,41,0,0.0,0.955,0.9559,5.33886,0.0,0.0,0.0
2026-05-23 23:30:58,11,16.31,33,0,0.011,0.967,0.9229,5.057089,0.0,0.0,0.0
2026-05-23 23:30:58,12,35.46,53,0,0.0,0.953,0.8778,4.065871,0.0,0.0,0.0
2026-05-23 23:30:58,13,24.89,41,0,0.004,0.968,0.8518,4.324486,0.0,0.0,0.0
2026-05-23 23:30:58,14,20.83,38,0,0.034,0.916,0.8183,4.120491,0.0,0.0,0.0
2026-05-23 23:30:58,15,15.05,32,0,0.04,0.973,0.7901,4.537689,0.0,0.0,0.0
2026-05-23 23:30:59,16,12.05,29,0,0.049,0.974,0.7667,4.620217,0.0,0.0,0.0
2026-05-23 23:30:59,17,20.54,37,0,0.0,0.96,0.7329,4.528771,0.0,0.0,0.0
2026-05-23 23:30:59,18,7.93,24,0,0.0,0.964,0.7183,4.672934,0.0,0.0,0.0
2026-05-23 23:30:59,19,15.54,31,0,0.0,0.966,0.7076,3.776988,0.0,0.0,0.0
2026-05-23 23:30:59,20,30.9,47,0,0.007,0.967,0.6866,2.889426,0.0,0.0,0.0
2026-05-23 23:30:59,21,24.8,41,0,0.0,0.957,0.6597,3.136307,0.0,0.0,0.0
2026-05-23 23:30:59,22,0.56,16,0,0.003,0.967,0.6498,4.587582,0.0,0.0,0.0
2026-05-23 23:30:59,23,6.63,23,0,0.0,0.964,0.6337,3.675919,0.0,0.0,0.0
2026-05-23 23:30:59,24,30.53,48,0,0.0,0.957,0.5997,7.950782,0.0,0.0,0.0
2026-05-23 23:30:59,25,24.11,41,0,0.0,0.943,0.582,6.527857,0.0,0.0,0.0
2026-05-23 23:30:59,26,11.83,28,0,0.0,0.953,0.5676,6.953849,0.0,0.0,0.0
2026-05-23 23:30:59,27,14.83,31,0,0.045,0.957,0.5535,5.129227,0.0,0.0,0.0
2026-05-23 23:30:59,28,14.33,31,0,0.016,0.968,0.5371,4.613419,0.0,0.0,0.0
2026-05-23 23:30:59,29,22.15,39,0,0.023,0.951,0.5212,4.530951,0.0,0.0,0.0
2026-05-23 23:30:59,30,21.57,38,0,0.037,0.963,0.5058,4.344752,0.0,0.0,0.0
2026-05-23 23:30:59,31,12.6,29,0,0.0,0.962,0.4908,5.372122,0.0,0.0,0.0
2026-05-23 23:30:59,32,8.87,25,0,0.0,0.956,0.4786,4.007309,0.0,0.0,0.0
2026-05-23 23:30:59,33,23.25,39,0,0.027,0.971,0.4691,4.494108,0.0,0.0,0.0
2026-05-23 23:30:59,34,15.93,32,0,0.0,0.965,0.4598,3.579983,0.0,0.0,0.0
2026-05-23 23:30:59,35,6.45,22,0,0.0,0.953,0.4507,4.502165,0.0,0.0,0.0
2026-05-23 23:30:59,36,25.45,42,0,0.0,0.922,0.4351,4.2609,0.0,0.0,0.0
2026-05-23 23:30:59,37,21.34,38,0,0.043,0.972,0.4223,4.947888,0.0,0.0,0.0
2026-05-23 23:30:59,38,19.81,36,0,0.0,0.95,0.4139,4.199835,0.0,0.0,0.0
2026-05-23 23:30:59,39,6.67,23,0,0.034,0.972,0.4036,4.22382,0.0,0.0,0.0
2026-05-23 23:30:59,40,18.21,35,0,0.0,0.952,0.3936,4.33042,0.0,0.0,0.0
2026-05-23 23:30:59,41,13.54,29,0,0.003,0.966,0.3858,4.803372,0.0,0.0,0.0
2026-05-23 23:30:59,42,18.52,34,0,0.0,0.963,0.3782,4.481695,0.0,0.0,0.0
2026-05-23 23:30:59,43,14.58,31,0,0.03,0.961,0.3688,3.920542,0.0,0.0,0.0
2026-05-23 23:31:00,44,19.15,35,0,0.019,0.957,0.3597,5.069514,0.0,0.0,0.0
2026-05-23 23:31:00,45,17.22,33,0,0.0,0.965,0.3525,5.243673,0.0,0.0,0.0
2026-05-23 23:31:00,46,32.3,50,0,0.021,0.965,0.3353,3.926703,0.0,0.0,0.0
2026-05-23 23:31:00,47,19.01,35,0,0.044,0.95,0.3221,4.154052,0.0,0.0,0.0
2026-05-23 23:31:00,48,14.69,32,0,0.025,0.939,0.3079,4.687064,0.0,0.0,0.0
2026-05-23 23:31:00,49,28.2,45,0,0.0,0.955,0.2943,5.226301,0.0,0.0,0.0
2026-05-23 23:31:00,50,18.19,34,0,0.031,0.961,0.2885,3.743441,0.0,0.0,0.0
2026-05-23 23:31:01,51,32.09,49,0,0.043,0.951,0.2716,3.477736,0.0,0.0,0.0
2026-05-23 23:31:01,52,32.67,49,0,0.032,0.947,0.2558,5.128611,0.0,0.0,0.0
2026-05-23 23:31:01,53,23.09,40,0,0.021,0.944,0.247,4.045635,0.0,0.0,0.0
2026-05-23 23:31:01,54,32.32,49,0,0.0,0.94,0.2373,3.779064,0.0,0.0,0.0
2026-05-23 23:31:01,55,18.09,34,0,0.02,0.951,0.2314,2.946411,0.0,0.0,0.0
2026-05-23 23:31:01,56,11.12,28,0,0.0,0.946,0.2223,3.598661,0.0,0.0,0.0
2026-05-23 23:31:01,57,16.55,32,0,0.0,0.966,0.219,4.312226,0.0,0.0,0.0
2026-05-23 23:31:01,58,0.56,16,0,0.006,0.968,0.2157,4.944545,0.0,0.0,0.0
2026-05-23 23:31:02,59,23.2,40,0,0.038,0.955,0.2072,5.472981,0.0,0.0,0.0
2026-05-23 23:31:02,60,28.27,45,0,0.024,0.938,0.2001,3.193609,0.0,0.0,0.0
2026-05-23 23:31:02,61,31.55,48,0,0.048,0.937,0.1913,5.127772,0.0,0.0,0.0
2026-05-23 23:31:02,62,25.86,42,0,0.008,0.934,0.1828,4.192481,0.0,0.0,0.0
2026-05-23 23:31:02,63,19.01,35,0,0.042,0.949,0.1748,4.428976,0.0,0.0,0.0
2026-05-23 23:31:02,64,0.58,16,0,0.033,0.972,0.1721,4.221183,0.0,0.0,0.0
2026-05-23 23:31:02,65,14.18,30,0,0.021,0.959,0.1687,4.207643,0.0,0.0,0.0
2026-05-23 23:31:02,66,17.56,33,0,0.021,0.97,0.1662,3.203697,0.0,0.0,0.0
2026-05-23 23:31:02,67,20.69,37,0,0.036,0.947,0.1613,5.128934,0.0,0.0,0.0
2026-05-23 23:31:02,68,19.63,36,0,0.023,0.942,0.1542,4.117348,0.0,0.0,0.0
2026-05-23 23:31:02,69,33.8,50,0,0.0,0.956,0.1474,4.5326,0.0,0.0,0.0
2026-05-23 23:31:02,70,14.0,30,0,0.035,0.947,0.1423,4.682662,0.0,0.0,0.0
2026-05-23 23:31:02,71,17.71,34,0,0.0,0.946,0.1367,3.992293,0.0,0.0,0.0
2026-05-23 23:31:02,72,17.91,34,0,0.032,0.968,0.1326,4.358831,0.0,0.0,0.0
2026-05-23 23:31:02,73,18.56,34,0,0.011,0.968,0.1307,5.505567,0.0,0.0,0.0
2026-05-23 23:31:02,74,17.42,34,0,0.043,0.95,0.1262,4.250264,0.0,0.0,0.0
2026-05-23 23:31:02,75,8.09,25,0,0.0,0.94,0.1224,3.778617,0.0,0.0,0.0
2026-05-23 23:31:03,76,6.17,22,0,0.014,0.957,0.12,3.828445,0.0,0.0,0.0
2026-05-23 23:31:03,77,16.04,32,0,0.038,0.95,0.1164,4.295415,0.0,0.0,0.0
2026-05-23 23:31:03,78,20.12,36,0,0.043,0.958,0.1136,3.449263,0.0,0.0,0.0
2026-05-23 23:31:03,79,10.08,26,0,0.013,0.949,0.1107,3.746786,0.0,0.0,0.0
2026-05-23 23:31:03,80,24.13,40,0,0.045,0.957,0.108,3.862574,0.0,0.0,0.0
2026-05-23 23:31:03,81,18.54,34,0,0.0,0.966,0.1064,3.946302,0.0,0.0,0.0
2026-05-23 23:31:03,82,20.56,36,0,0.013,0.969,0.1048,5.832384,0.0,0.0,0.0
2026-05-23 23:31:03,83,2.55,18,0,0.0,0.966,0.1032,3.465686,0.0,0.0,0.0
2026-05-23 23:31:03,84,3.78,20,0,0.047,0.953,0.1007,4.338396,0.0,0.0,0.0
2026-05-23 23:31:03,85,28.87,45,0,0.008,0.934,0.0972,3.970387,0.0,0.0,0.0
2026-05-23 23:31:03,86,23.11,39,0,0.032,0.954,0.0948,4.728137,0.0,0.0,0.0
2026-05-23 23:31:03,87,20.02,36,0,0.043,0.95,0.0915,4.094892,0.0,0.0,0.0
2026-05-23 23:31:03,88,36.01,52,0,0.046,0.951,0.0871,4.426937,0.0,0.0,0.0
2026-05-23 23:31:03,89,9.91,26,0,0.025,0.966,0.0849,3.863487,0.0,0.0,0.0
2026-05-23 23:31:03,90,20.68,37,0,0.018,0.943,0.0824,5.434869,0.0,0.0,0.0
2026-05-23 23:31:03,91,31.13,48,0,0.002,0.926,0.0792,4.160709,0.0,0.0,0.0
2026-05-23 23:31:03,92,10.59,26,0,0.047,0.974,0.078,4.985544,0.0,0.0,0.0
2026-05-23 23:31:03,93,20.53,36,0,0.0,0.965,0.0764,4.263125,0.0,0.0,0.0
2026-05-23 23:31:03,94,10.16,26,0,0.012,0.956,0.0749,3.814777,0.0,0.0,0.0
2026-05-23 23:31:03,95,10.74,27,0,0.032,0.948,0.0727,3.42632,0.0,0.0,0.0
2026-05-23 23:31:03,96,9.12,25,0,0.034,0.954,0.0709,4.207713,0.0,0.0,0.0
2026-05-23 23:31:03,97,9.82,26,0,0.0,0.952,0.0691,4.490806,0.0,0.0,0.0
2026-05-23 23:31:03,98,25.02,41,0,0.034,0.948,0.0671,4.035451,0.0,0.0,0.0
2026-05-23 23:31:03,99,21.08,37,0,0.018,0.95,0.0654,3.600788,0.0,0.0,0.0
2026-05-23 23:31:03,100,23.95,40,0,0.022,0.941,0.0635,4.16251,0.0,0.0,0.0
2026-05-23 23:31:05,101,19.95,36,0,0.027,0.942,0.0613,3.311996,0.0,0.0,0.0
2026-05-23 23:31:05,102,30.04,46,0,0.043,0.951,0.0595,2.730818,0.0,0.0,0.0
2026-05-23 23:31:05,103,27.37,44,0,0.037,0.946,0.0577,4.290994,0.0,0.0,0.0
2026-05-23 23:31:05,104,33.01,49,0,0.046,0.951,0.0549,4.407438,0.0,0.0,0.0
2026-05-23 23:31:05,105,20.97,37,0,0.029,0.944,0.053,4.462482,0.0,0.0,0.0
2026-05-23 23:31:05,106,29.85,46,0,0.007,0.934,0.0507,4.173919,0.0,0.0,0.0
2026-05-23 23:31:05,107,23.03,39,0,0.049,0.951,0.05,3.264986,0.0,0.0,0.0
2026-05-23 23:31:05,108,9.89,26,0,0.01,0.935,0.05,4.576822,0.0,0.0,0.0
2026-05-23 23:31:05,109,11.0,27,0,0.014,0.942,0.05,3.742015,0.0,0.0,0.0
2026-05-23 23:31:05,110,28.89,45,0,0.012,0.936,0.05,4.12957,0.0,0.0,0.0
2026-05-23 23:31:05,111,28.88,45,0,0.012,0.936,0.05,3.484296,0.0,0.0,0.0
2026-05-23 23:31:05,112,14.98,31,0,0.03,0.944,0.05,3.554872,0.0,0.0,0.0
2026-05-23 23:31:05,113,8.03,24,0,0.027,0.947,0.05,3.588641,0.0,0.0,0.0
2026-05-23 23:31:05,114,28.9,45,0,0.016,0.938,0.05,3.834515,0.0,0.0,0.0
2026-05-23 23:31:05,115,27.81,44,0,0.0,0.957,0.05,2.780199,0.0,0.0,0.0
2026-05-23 23:31:05,116,14.0,30,0,0.035,0.947,0.05,3.347742,0.0,0.0,0.0
2026-05-23 23:31:06,117,32.88,49,0,0.016,0.937,0.05,3.045991,0.0,0.0,0.0
2026-05-23 23:31:06,118,27.93,44,0,0.026,0.942,0.05,3.726351,0.0,0.0,0.0
2026-05-23 23:31:06,119,10.62,27,0,0.0,0.936,0.05,2.542125,0.0,0.0,0.0
2026-05-23 23:31:06,120,18.9,35,0,0.017,0.939,0.05,2.685919,0.0,0.0,0.0
2026-05-23 23:31:06,121,23.94,40,0,0.024,0.942,0.05,3.64191,0.0,0.0,0.0
2026-05-23 23:31:06,122,21.88,38,0,0.014,0.964,0.05,2.942336,0.0,0.0,0.0
2026-05-23 23:31:06,123,25.02,41,0,0.046,0.951,0.05,2.718512,0.0,0.0,0.0
2026-05-23 23:31:06,124,16.41,33,0,0.046,0.951,0.05,3.176059,0.0,0.0,0.0
2026-05-23 23:31:06,125,28.59,45,0,0.049,0.939,0.05,3.088684,0.0,0.0,0.0
2026-05-23 23:31:06,126,21.05,37,0,0.038,0.95,0.05,3.426489,0.0,0.0,0.0
2026-05-23 23:31:06,127,23.97,40,0,0.034,0.946,0.05,2.083807,0.0,0.0,0.0
2026-05-23 23:31:06,128,31.98,48,0,0.036,0.947,0.05,3.298299,0.0,0.0,0.0
2026-05-23 23:31:06,129,20.87,38,0,0.0,0.909,0.05,3.536723,0.0,0.0,0.0
2026-05-23 23:31:06,130,19.03,35,0,0.026,0.946,0.05,2.170521,0.0,0.0,0.0
2026-05-23 23:31:06,131,33.87,50,0,0.01,0.935,0.05,2.615193,0.0,0.0,0.0
2026-05-23 23:31:06,132,27.92,44,0,0.018,0.939,0.05,2.746656,0.0,0.0,0.0
2026-05-23 23:31:06,133,18.02,34,0,0.04,0.949,0.05,2.75534,0.0,0.0,0.0
2026-05-23 23:31:07,134,24.91,41,0,0.016,0.938,0.05,3.190613,0.0,0.0,0.0
2026-05-23 23:31:07,135,21.83,38,0,0.005,0.933,0.05,2.871419,0.0,0.0,0.0
2026-05-23 23:31:07,136,31.32,48,0,0.022,0.942,0.05,1.715835,0.0,0.0,0.0
2026-05-23 23:31:07,137,24.05,40,0,0.048,0.953,0.05,2.735689,0.0,0.0,0.0
2026-05-23 23:31:07,138,36.92,55,0,0.0,0.893,0.05,2.57755,0.0,0.0,0.0
2026-05-23 23:31:07,139,32.0,48,0,0.041,0.95,0.05,1.945723,0.0,0.0,0.0
2026-05-23 23:31:07,140,23.52,41,0,0.048,0.913,0.05,1.945552,0.0,0.0,0.0
2026-05-23 23:31:07,141,33.13,51,0,0.048,0.931,0.05,2.052166,0.0,0.0,0.0
2026-05-23 23:31:07,142,26.08,43,0,0.0,0.922,0.05,2.078058,0.0,0.0,0.0
2026-05-23 23:31:07,143,31.94,48,0,0.034,0.947,0.05,2.697062,0.0,0.0,0.0
2026-05-23 23:31:07,144,33.12,50,0,0.034,0.932,0.05,3.116441,0.0,0.0,0.0
2026-05-23 23:31:07,145,27.32,44,0,0.035,0.943,0.05,1.927648,0.0,0.0,0.0
2026-05-23 23:31:08,146,37.68,54,0,0.0,0.958,0.05,2.369974,0.0,0.0,0.0
2026-05-23 23:31:08,147,31.02,48,0,0.0,0.924,0.05,2.758188,0.0,0.0,0.0
2026-05-23 23:31:08,148,33.55,51,0,0.022,0.904,0.05,1.782167,0.0,0.0,0.0
2026-05-23 23:31:08,149,17.79,35,0,0.048,0.914,0.05,2.313069,0.0,0.0,0.0
2026-05-23 23:31:08,150,15.57,36,0,0.047,0.814,0.05,2.110727,0.0,0.0,0.0
2026-05-23 23:31:11,151,-766.6,82,269,0.283,0.997,0.05,1.647895,0.0,1.5683,0.5834
2026-05-23 23:31:11,152,-34.34,36,15,0.0,0.76,0.05,3.815982,0.107,0.0193,0.0
2026-05-23 23:31:11,153,-43.67,41,20,0.001,0.799,0.05,2.459384,0.275,0.0748,0.0
2026-05-23 23:31:12,154,-911.32,51,303,0.586,1.0,0.05,3.654102,0.0,3.2132,2.0587
2026-05-23 23:31:13,155,-885.62,102,306,0.187,0.929,0.05,1.616429,0.0,2.3367,1.0976
2026-05-23 23:31:14,156,20.58,270,78,0.347,1.0,0.05,1.787295,0.0,2.9722,0.038
2026-05-23 23:31:14,157,27.83,45,0,0.022,0.943,0.05,1.625543,0.0,0.0,0.0
2026-05-23 23:31:15,158,37.19,56,0,0.0,0.88,0.05,2.046108,0.0,0.0,0.0
2026-05-23 23:31:15,159,20.32,38,0,0.041,0.95,0.05,1.638568,0.0,0.0,0.0
2026-05-23 23:31:15,160,28.61,45,0,0.018,0.941,0.05,1.975802,0.0,0.0,0.0
2026-05-23 23:31:15,161,22.85,40,0,0.03,0.946,0.05,2.348882,0.0,0.0,0.0
2026-05-23 23:31:15,162,46.96,64,0,0.013,0.969,0.05,1.792539,0.005,0.0008,0.0
2026-05-23 23:31:16,163,34.36,53,0,0.031,0.935,0.05,1.870571,0.0,0.0,0.0
2026-05-23 23:31:16,164,43.45,60,0,0.01,0.937,0.05,1.918388,0.0,0.0,0.0
2026-05-23 23:31:16,165,33.11,50,0,0.02,0.942,0.05,1.745032,0.0,0.0,0.0
2026-05-23 23:31:16,166,37.25,56,0,0.048,0.883,0.05,2.122465,0.0,0.0,0.0
2026-05-23 23:31:17,167,30.11,50,0,0.031,0.923,0.05,1.518713,0.047,0.0057,0.0
2026-05-23 23:31:17,168,22.34,41,0,0.048,0.889,0.05,1.641409,0.0,0.0,0.0
2026-05-23 23:31:17,169,12.86,30,0,0.034,0.948,0.05,1.51811,0.0,0.0,0.0
2026-05-23 23:31:17,170,32.35,50,0,0.008,0.93,0.05,2.219669,0.0,0.0,0.0
2026-05-23 23:31:17,171,32.97,51,0,0.03,0.94,0.05,1.588731,0.005,0.0009,0.0
2026-05-23 23:31:18,172,13.53,33,0,0.014,0.881,0.05,0.901869,0.0,0.0,0.0
2026-05-23 23:31:18,173,15.56,35,0,0.031,0.87,0.05,1.413308,0.0,0.0,0.0
2026-05-23 23:31:18,174,17.99,36,0,0.046,0.886,0.05,2.56581,0.0,0.0,0.0
2026-05-23 23:31:18,175,29.76,50,0,0.016,0.897,0.05,1.388813,0.049,0.0088,0.0
2026-05-23 23:31:18,176,42.19,61,0,0.02,0.926,0.05,2.939903,0.211,0.0459,0.0
2026-05-23 23:31:19,177,12.76,33,0,0.033,0.887,0.05,2.055432,0.0,0.0,0.0
2026-05-23 23:31:19,178,6.92,28,0,0.012,0.84,0.05,1.075108,0.009,0.0019,0.0
2026-05-23 23:31:19,179,21.63,41,0,0.0,0.879,0.05,3.341804,0.001,0.0001,0.0
2026-05-23 23:31:19,180,48.57,72,0,0.0,0.766,0.05,2.165793,0.044,0.0052,0.0
2026-05-23 23:31:20,181,11.68,33,0,0.021,0.854,0.05,1.783471,0.021,0.0025,0.0
2026-05-23 23:31:20,182,20.01,40,0,0.026,0.907,0.05,0.983193,0.164,0.0289,0.0
2026-05-23 23:31:20,183,-0.54,23,0,0.05,0.767,0.05,0.949615,0.013,0.0016,0.0
2026-05-23 23:31:21,184,4.51,25,0,0.05,0.871,0.05,1.590966,0.028,0.006,0.0
2026-05-23 23:31:21,185,-60.28,40,25,0.038,0.81,0.05,1.462366,0.436,0.1341,0.0
2026-05-23 23:31:21,186,6.55,33,1,0.03,0.811,0.05,2.365828,0.305,0.0888,0.0
2026-05-23 23:31:21,187,18.23,38,0,0.04,0.913,0.05,1.467005,0.162,0.0367,0.0
2026-05-23 23:31:22,188,16.65,66,9,0.0,0.855,0.05,1.809468,0.332,0.097,0.0
2026-05-23 23:31:22,189,21.07,43,0,0.032,0.868,0.05,1.87212,0.19,0.0433,0.0
2026-05-23 23:31:22,190,-51.34,38,22,0.05,0.841,0.05,1.163659,0.173,0.0618,0.0
2026-05-23 23:31:23,191,-45.23,35,19,0.026,0.847,0.05,2.893684,0.294,0.0692,0.0
2026-05-23 23:31:23,192,11.22,45,4,0.023,0.873,0.05,1.095622,0.163,0.0423,0.0
2026-05-23 23:31:23,193,-20.5,38,13,0.0,0.913,0.05,1.166636,0.263,0.0705,0.0
2026-05-23 23:31:24,194,-8.34,35,7,0.02,0.843,0.05,2.191234,0.195,0.0508,0.0
2026-05-23 23:31:24,195,23.43,46,0,0.0,0.813,0.05,3.345657,0.0,0.0,0.0
2026-05-23 23:31:24,196,24.02,46,0,0.0,0.826,0.05,4.732385,0.038,0.0057,0.0
2026-05-23 23:31:24,197,18.66,38,0,0.0,0.897,0.05,1.956408,0.0,0.0,0.0
2026-05-23 23:31:25,198,35.68,55,0,0.028,0.937,0.05,3.222317,0.084,0.0152,0.0
2026-05-23 23:31:25,199,32.92,53,0,0.027,0.905,0.05,2.096376,0.094,0.0169,0.0
2026-05-23 23:31:25,200,26.62,46,0,0.0,0.886,0.05,5.552196,0.0,0.0,0.0
2026-05-23 23:31:26,201,32.8,53,0,0.0,0.945,0.05,5.185124,0.009,0.0005,0.0
2026-05-23 23:31:27,202,27.11,48,0,0.032,0.913,0.05,1.493469,0.118,0.0225,0.0
2026-05-23 23:31:27,203,33.19,53,0,0.042,0.942,0.05,2.562877,0.129,0.0259,0.0
2026-05-23 23:31:27,204,15.1,33,0,0.044,0.971,0.05,4.097738,0.004,0.0005,0.0
2026-05-23 23:31:27,205,36.87,56,0,0.03,0.936,0.05,3.667111,0.116,0.0274,0.0
2026-05-23 23:31:27,206,33.55,51,0,0.0,0.965,0.05,1.212153,0.0,0.0,0.0
2026-05-23 23:31:28,207,10.01,28,0,0.05,0.958,0.05,1.048181,0.0,0.0,0.0
2026-05-23 23:31:28,208,24.62,43,0,0.0,0.935,0.05,5.880598,0.003,0.0004,0.0
2026-05-23 23:31:28,209,14.75,33,0,0.037,0.972,0.05,2.672468,0.0,0.0,0.0
2026-05-23 23:31:28,210,33.34,53,0,0.04,0.942,0.05,1.78854,0.086,0.0129,0.0
2026-05-23 23:31:28,211,24.93,45,0,0.036,0.945,0.05,4.31328,0.074,0.0133,0.0
2026-05-23 23:31:29,212,26.47,45,0,0.01,0.934,0.05,2.645617,0.105,0.0171,0.0
2026-05-23 23:31:29,213,33.65,51,0,0.0,0.952,0.05,2.142873,0.001,0.0,0.0
2026-05-23 23:31:29,214,32.67,51,0,0.0,0.963,0.05,2.560598,0.0,0.0,0.0
2026-05-23 23:31:29,215,15.51,33,0,0.045,0.952,0.05,2.761197,0.0,0.0,0.0
2026-05-23 23:31:29,216,38.85,56,0,0.0,0.955,0.05,0.869571,0.0,0.0,0.0
2026-05-23 23:31:29,217,31.62,50,0,0.036,0.943,0.05,3.373589,0.088,0.0182,0.0
2026-05-23 23:31:30,218,18.41,36,0,0.015,0.934,0.05,4.919385,0.0,0.0,0.0
2026-05-23 23:31:30,219,41.89,61,0,0.0,0.925,0.05,2.770271,0.0,0.0,0.0
2026-05-23 23:31:30,220,38.43,56,0,0.001,0.968,0.05,3.183736,0.0,0.0,0.0
2026-05-23 23:31:30,221,47.52,66,0,0.0,0.967,0.05,1.956296,0.0,0.0,0.0
2026-05-23 23:31:31,222,31.7,50,0,0.011,0.937,0.05,3.571617,0.05,0.006,0.0
2026-05-23 23:31:31,223,25.16,45,0,0.0,0.874,0.05,3.051163,0.015,0.0023,0.0
2026-05-23 23:31:31,224,27.31,45,0,0.036,0.949,0.05,3.482795,0.038,0.0034,0.0
2026-05-23 23:31:31,225,19.24,38,0,0.027,0.924,0.05,1.839103,0.017,0.001,0.0
2026-05-23 23:31:31,226,43.3,63,0,0.0,0.948,0.05,6.973061,0.016,0.0019,0.0
2026-05-23 23:31:32,227,5.36,25,0,0.038,0.9,0.05,3.060449,0.0,0.0,0.0
2026-05-23 23:31:32,228,5.37,25,0,0.021,0.915,0.05,6.901114,0.021,0.0019,0.0
2026-05-23 23:31:32,229,24.57,43,0,0.05,0.931,0.05,14.5379,0.0,0.0,0.0
2026-05-23 23:31:32,230,24.46,45,0,0.025,0.931,0.05,7.048381,0.038,0.0035,0.0
2026-05-23 23:31:32,231,18.93,38,0,0.016,0.913,0.05,6.332092,0.018,0.0011,0.0
2026-05-23 23:31:33,232,21.48,40,0,0.024,0.941,0.05,3.966294,0.035,0.0042,0.0
2026-05-23 23:31:33,233,28.85,48,0,0.03,0.927,0.05,3.433746,0.015,0.0009,0.0
2026-05-23 23:31:33,234,18.2,38,0,0.025,0.877,0.05,2.971211,0.011,0.0009,0.0
2026-05-23 23:31:33,235,34.12,53,0,0.049,0.947,0.05,12.0401,0.01,0.0009,0.0
2026-05-23 23:31:33,236,13.86,33,0,0.014,0.899,0.05,5.764099,0.028,0.0033,0.0
2026-05-23 23:31:34,237,-19.04,30,10,0.046,0.943,0.05,7.648631,0.012,0.0022,0.0
2026-05-23 23:31:34,238,3.55,23,0,0.049,0.875,0.05,6.065966,0.031,0.0028,0.0
2026-05-23 23:31:34,239,15.55,35,0,0.05,0.941,0.05,4.383896,0.04,0.0048,0.0
2026-05-23 23:31:34,240,36.85,56,0,0.047,0.973,0.05,13.348889,0.039,0.0047,0.0
2026-05-23 23:31:34,241,15.56,36,0,0.049,0.816,0.05,4.133875,0.0,0.0,0.0
2026-05-23 23:31:34,242,20.8,69,10,0.0,0.965,0.05,9.83562,0.037,0.0056,0.0
2026-05-23 23:31:35,243,23.65,43,0,0.0,0.908,0.05,13.755982,0.0,0.0,0.0
2026-05-23 23:31:35,244,37.12,56,0,0.043,0.973,0.05,3.103681,0.008,0.0016,0.0
2026-05-23 23:31:35,245,36.96,56,0,0.002,0.944,0.05,6.409719,0.0,0.0,0.0
2026-05-23 23:31:35,246,45.68,64,0,0.0,0.965,0.05,8.858572,0.008,0.0017,0.0
2026-05-23 23:31:35,247,15.83,33,0,0.047,0.972,0.05,3.138761,0.0,0.0,0.0
2026-05-23 23:31:36,248,45.6,64,0,0.0,0.965,0.05,8.083328,0.01,0.0009,0.0
2026-05-23 23:31:36,249,-4.34,38,8,0.0,0.949,0.05,8.675467,0.051,0.0046,0.0
2026-05-23 23:31:36,250,18.2,36,0,0.049,0.915,0.05,5.323806,0.0,0.0,0.0
2026-05-23 23:31:38,251,-10.79,38,10,0.018,0.929,0.05,7.057767,0.078,0.0133,0.0
2026-05-23 23:31:38,252,-3.11,20,0,0.028,0.802,0.05,10.232454,0.063,0.0075,0.0
2026-05-23 23:31:38,253,39.56,58,0,0.0,0.938,0.05,3.842585,0.0,0.0,0.0
2026-05-23 23:31:38,254,-6.7,40,9,0.01,0.935,0.05,14.066684,0.086,0.0159,0.0
2026-05-23 23:31:39,255,0.97,23,0,0.043,0.82,0.05,6.674356,0.073,0.0126,0.0
2026-05-23 23:31:39,256,-27.51,77,27,0.0,0.844,0.05,8.773672,0.642,0.302,0.0
2026-05-23 23:31:39,257,7.27,28,0,0.05,0.834,0.05,12.209811,0.0,0.0,0.0
2026-05-23 23:31:40,258,-62.67,51,30,0.04,0.821,0.05,11.066534,0.367,0.1686,0.0
2026-05-23 23:31:40,259,20.88,41,0,0.046,0.851,0.05,7.273041,0.0,0.0,0.0
2026-05-23 23:31:40,260,37.15,55,0,0.016,0.937,0.05,5.770948,0.064,0.0109,0.0
2026-05-23 23:31:40,261,38.99,58,0,0.03,0.934,0.05,8.40372,0.117,0.0236,0.0
2026-05-23 23:31:40,262,34.31,53,0,0.028,0.941,0.05,8.479358,0.077,0.0138,0.0
2026-05-23 23:31:41,263,13.86,33,0,0.02,0.944,0.05,13.519323,0.0,0.0,0.0
2026-05-23 23:31:41,264,-223.98,35,77,0.043,0.796,0.05,5.767078,0.226,0.1192,0.0
2026-05-23 23:31:41,265,-43.51,23,13,0.036,0.731,0.05,3.641224,0.154,0.0352,0.0
2026-05-23 23:31:42,266,16.68,48,4,0.0,0.944,0.05,10.514005,0.213,0.0555,0.0
2026-05-23 23:31:42,267,-15.07,33,7,0.033,0.739,0.05,2.152524,0.315,0.0839,0.0
2026-05-23 23:31:42,268,-3.56,25,3,0.015,0.903,0.05,14.985941,0.142,0.0282,0.0
2026-05-23 23:31:42,269,-28.38,69,25,0.0,0.887,0.05,8.533231,0.304,0.1129,0.0
2026-05-23 23:31:43,270,-1.47,48,9,0.048,0.856,0.05,13.699041,0.377,0.1348,0.0
2026-05-23 23:31:43,271,28.59,48,0,0.0,0.929,0.05,10.357965,0.226,0.0578,0.0
2026-05-23 23:31:43,272,46.54,66,0,0.0,0.935,0.05,3.444425,0.408,0.1246,0.0
2026-05-23 23:31:44,273,-37.68,41,18,0.023,0.798,0.05,6.862417,0.333,0.1163,0.0
2026-05-23 23:31:44,274,-97.25,58,40,0.048,0.647,0.05,12.201824,0.663,0.353,0.0
2026-05-23 23:31:45,275,115.73,215,22,0.021,0.883,0.05,6.348202,0.48,1.6502,0.0
2026-05-23 23:31:45,276,27.1,46,0,0.016,0.937,0.05,6.371005,0.0,0.0,0.0
2026-05-23 23:31:45,277,-55.61,45,27,0.048,0.937,0.05,4.675802,0.308,0.0978,0.0
2026-05-23 23:31:45,278,16.54,36,0,0.0,0.892,0.05,8.353851,0.046,0.0054,0.0
2026-05-23 23:31:46,279,23.95,56,4,0.049,0.924,0.05,5.467798,0.335,0.0914,0.0
2026-05-23 23:31:46,280,42.56,63,0,0.0,0.943,0.05,7.392907,0.319,0.0985,0.0
2026-05-23 23:31:46,281,134.04,251,25,0.0,0.77,0.05,6.028837,0.409,2.3125,0.0
2026-05-23 23:31:47,282,117.26,279,29,0.015,0.657,0.05,6.336257,0.239,2.5592,0.0
2026-05-23 23:31:47,283,197.82,281,14,0.019,0.886,0.05,7.058292,0.36,2.6593,0.0
2026-05-23 23:31:48,284,113.79,247,27,0.0,0.73,0.05,7.412266,0.869,2.2571,0.0
2026-05-23 23:31:48,285,82.27,229,36,0.0,0.821,0.05,10.918292,0.855,2.1143,0.0
2026-05-23 23:31:49,286,-59.82,63,33,0.029,0.913,0.05,4.01141,0.58,0.2712,0.0
2026-05-23 23:31:49,287,158.48,290,30,0.03,0.877,0.05,6.827794,0.385,2.923,0.0
2026-05-23 23:31:50,288,147.74,272,31,0.004,0.923,0.05,8.405116,0.293,3.2729,0.0
2026-05-23 23:31:50,289,-48.11,40,22,0.046,0.876,0.05,4.587582,0.489,0.2165,0.0
2026-05-23 23:31:51,290,212.17,310,15,0.0,0.797,0.05,5.70143,0.142,2.9481,0.0
2026-05-23 23:31:51,291,-12.08,53,15,0.014,0.947,0.05,7.008016,0.372,0.131,0.0
2026-05-23 23:31:52,292,129.36,313,47,0.0,0.796,0.05,8.343418,0.006,2.8895,0.0
2026-05-23 23:31:52,293,118.84,290,35,0.0,0.728,0.05,8.087907,0.2,2.5576,0.0
2026-05-23 23:31:53,294,188.76,284,19,0.02,0.865,0.05,5.082597,0.144,2.4664,0.0
2026-05-23 23:31:53,295,-49.92,144,54,0.033,0.888,0.05,7.46429,0.675,1.0304,0.0
2026-05-23 23:31:53,296,-86.68,54,40,0.0,0.891,0.05,3.822276,0.325,0.088,0.0
2026-05-23 23:31:54,297,167.21,303,15,0.0,0.631,0.05,7.413361,0.065,3.2035,0.0
2026-05-23 23:31:54,298,-20.89,73,23,0.009,0.855,0.05,3.672685,0.759,0.4263,0.0
2026-05-23 23:31:55,299,53.66,84,0,0.0,0.734,0.05,5.47953,0.743,0.3397,0.0
2026-05-23 23:31:55,300,17.89,36,0,0.0,0.928,0.05,4.328023,0.007,0.0004,0.0
2026-05-23 23:31:56,301,30.15,63,4,0.0,0.906,0.05,7.190933,0.465,0.1676,0.0
2026-05-23 23:31:57,302,97.04,312,52,0.0,0.662,0.05,6.373255,0.0,2.6433,0.0
2026-05-23 23:31:57,303,-1.97,70,16,0.05,0.875,0.05,3.148719,0.612,0.2992,0.0
2026-05-23 23:31:58,304,-162.54,186,88,0.031,0.655,0.05,3.434938,0.019,1.834,0.0
2026-05-23 23:31:58,305,6.69,43,5,0.035,0.898,0.05,13.280179,0.407,0.1391,0.0
2026-05-23 23:31:59,306,44.3,211,33,0.05,0.648,0.05,7.420207,0.052,1.7747,0.0
2026-05-23 23:31:59,307,-112.41,51,46,0.017,0.814,0.05,3.818074,0.544,0.2073,0.0
2026-05-23 23:32:00,308,0.85,306,60,0.045,0.449,0.05,4.394469,0.0,2.7793,0.0
2026-05-23 23:32:00,309,4.6,58,11,0.012,0.952,0.05,10.859051,0.302,0.085,0.0
2026-05-23 23:32:01,310,93.19,309,47,0.0,0.644,0.05,6.178676,0.0,2.6046,0.0
2026-05-23 23:32:01,311,28.06,233,44,0.0,0.64,0.05,3.165278,0.0,2.0295,0.0
2026-05-23 23:32:02,312,40.72,269,46,0.049,0.704,0.05,3.459959,0.0,2.6001,0.0
2026-05-23 23:32:03,313,-151.69,242,106,0.17,0.741,0.05,7.772892,0.0,2.3989,0.0
2026-05-23 23:32:04,314,151.09,301,44,0.202,0.976,0.05,9.65543,0.0,3.3181,0.0
2026-05-23 23:32:05,315,68.05,276,58,0.331,0.94,0.05,3.537717,0.0,2.9439,0.0
2026-05-23 23:32:06,316,-265.5,203,117,0.0,0.505,0.05,3.415235,0.0,1.8949,0.0
2026-05-23 23:32:06,317,-21.86,257,68,0.048,0.591,0.05,3.487503,0.0,2.4015,0.0
2026-05-23 23:32:06,318,18.82,36,0,0.024,0.955,0.05,5.16382,0.0,0.0,0.0
2026-05-23 23:32:07,319,-98.8,205,83,0.046,0.671,0.05,3.855845,0.0,1.782,0.0
2026-05-23 23:32:08,320,-251.07,232,134,0.252,0.775,0.05,4.678158,0.0,2.3916,0.0
2026-05-23 23:32:08,321,-26.9,33,13,0.048,0.901,0.05,3.015994,0.053,0.0163,0.0
2026-05-23 23:32:09,322,-6.26,63,16,0.015,0.938,0.05,3.33709,0.482,0.1722,0.0
2026-05-23 23:32:09,323,-41.01,58,26,0.02,0.931,0.05,2.544272,0.557,0.2096,0.0
2026-05-23 23:32:10,324,59.1,289,64,0.0,0.923,0.05,4.940912,0.0,2.291,0.0
2026-05-23 23:32:10,325,93.75,326,40,0.0,0.692,0.05,5.166814,0.0,3.1444,0.145
2026-05-23 23:32:11,326,-36.72,50,22,0.045,0.915,0.05,4.070701,0.461,0.1842,0.0
2026-05-23 23:32:11,327,11.21,53,7,0.0,0.907,0.05,5.60495,0.357,0.1069,0.0
2026-05-23 23:32:11,328,27.91,61,0,0.047,0.658,0.05,2.816691,0.456,0.1831,0.0
2026-05-23 23:32:12,329,-1.92,55,11,0.042,0.86,0.05,4.210679,0.454,0.1528,0.0
2026-05-23 23:32:12,330,-70.04,48,32,0.0,0.904,0.05,1.775406,0.45,0.1555,0.0
2026-05-23 23:32:12,331,20.23,46,0,0.05,0.743,0.05,2.64116,0.021,0.0013,0.0
2026-05-23 23:32:13,332,95.61,290,33,0.015,0.717,0.05,3.257581,0.0,2.4264,0.0
2026-05-23 23:32:14,333,-24.32,253,62,0.032,0.737,0.05,5.674245,0.0,2.5695,0.0
2026-05-23 23:32:14,334,120.14,275,35,0.012,0.883,0.05,2.820939,0.0,2.4977,0.0
2026-05-23 23:32:15,335,4.48,28,0,0.049,0.764,0.05,5.43664,0.0,0.0,0.0
2026-05-23 23:32:15,336,-245.01,74,89,0.043,0.625,0.05,2.862154,0.428,0.5119,0.0
2026-05-23 23:32:16,337,209.32,286,0,0.006,0.725,0.05,3.232521,0.0,2.4799,0.0
2026-05-23 23:32:16,338,-19.25,33,11,0.031,0.963,0.05,4.340272,0.116,0.0259,0.0
2026-05-23 23:32:16,339,-8.36,36,8,0.0,0.876,0.05,2.215466,0.052,0.0062,0.0
2026-05-23 23:32:16,340,38.04,60,0,0.032,0.893,0.05,4.167858,0.454,0.1629,0.0
2026-05-23 23:32:17,341,-40.15,43,20,0.033,0.817,0.05,3.216841,0.477,0.1904,0.0
2026-05-23 23:32:17,342,-107.31,164,66,0.0,0.554,0.05,3.462744,0.19,1.521,0.0
2026-05-23 23:32:18,343,206.17,360,27,0.048,0.807,0.05,3.117859,0.0,3.2103,0.0
2026-05-23 23:32:18,344,-78.99,23,23,0.03,0.648,0.05,5.581533,0.184,0.0604,0.0
2026-05-23 23:32:18,345,-51.47,41,24,0.033,0.906,0.05,5.645025,0.214,0.0491,0.0
2026-05-23 23:32:19,346,57.85,306,45,0.0,0.576,0.05,3.248273,0.0,2.6367,0.0
2026-05-23 23:32:20,347,167.39,287,26,0.011,0.891,0.05,3.719548,0.007,2.2552,0.0
2026-05-23 23:32:20,348,-16.92,66,17,0.049,0.69,0.05,6.842196,0.67,0.34,0.0
2026-05-23 23:32:21,349,219.04,305,4,0.0,0.652,0.05,3.853162,0.0,2.4867,0.0
2026-05-23 23:32:21,350,110.13,251,27,0.003,0.751,0.05,3.702066,0.222,2.1028,0.0
2026-05-23 23:32:23,351,222.96,333,25,0.0,0.921,0.05,4.576705,0.0,2.7387,0.0
2026-05-23 23:32:24,352,220.01,308,5,0.039,0.69,0.05,4.294201,0.06,2.5783,0.0
2026-05-23 23:32:24,353,58.95,188,28,0.015,0.754,0.05,5.356175,0.387,1.4337,0.0
2026-05-23 23:32:25,354,119.26,298,35,0.0,0.672,0.05,6.147357,0.05,2.4584,0.0
2026-05-23 23:32:25,355,190.05,325,23,0.0,0.745,0.05,4.626717,0.0,2.7688,0.0
2026-05-23 23:32:26,356,137.05,330,32,0.0,0.629,0.05,7.881476,0.0,2.7062,0.0
2026-05-23 23:32:26,357,-27.4,43,17,0.03,0.957,0.05,8.124103,0.292,0.0719,0.0
2026-05-23 23:32:27,358,297.97,367,0,0.04,0.813,0.05,8.578583,0.0,3.0562,0.0
2026-05-23 23:32:28,359,144.48,234,15,0.0,0.718,0.05,4.773946,0.064,1.7946,0.0
2026-05-23 23:32:28,360,9.93,262,64,0.011,0.748,0.05,4.369173,0.0,2.2472,0.0
2026-05-23 23:32:29,361,-118.17,64,54,0.021,0.969,0.05,3.039179,0.128,0.1152,0.0
2026-05-23 23:32:29,362,225.82,315,4,0.0,0.677,0.05,5.465034,0.017,2.6208,0.0
2026-05-23 23:32:30,363,69.46,145,13,0.032,0.793,0.05,11.77119,0.396,0.9235,0.0
2026-05-23 23:32:30,364,22.3,41,0,0.0,0.932,0.05,3.165338,0.034,0.0041,0.0
2026-05-23 23:32:30,365,61.47,92,0,0.028,0.729,0.05,10.780403,0.665,0.4206,0.0
2026-05-23 23:32:31,366,135.71,329,43,0.0,0.8,0.05,9.149888,0.0,2.8548,0.0
2026-05-23 23:32:32,367,166.26,316,30,0.0,0.765,0.05,11.732109,0.02,2.6236,0.0
2026-05-23 23:32:32,368,151.3,332,49,0.0,0.929,0.05,9.35513,0.0,2.7,0.0
2026-05-23 23:32:33,369,55.97,81,0,0.003,0.846,0.05,4.537069,0.621,0.3221,0.0
2026-05-23 23:32:33,370,-38.82,66,27,0.028,0.871,0.05,13.388093,0.646,0.3577,0.0
2026-05-23 23:32:33,371,-21.81,43,14,0.046,0.869,0.05,7.596328,0.46,0.1555,0.0
2026-05-23 23:32:34,372,66.82,228,36,0.048,0.757,0.05,5.018025,0.19,1.8936,0.0
2026-05-23 23:32:34,373,-17.6,46,12,0.017,0.747,0.05,5.130033,0.367,0.137,0.0
2026-05-23 23:32:34,374,2.17,78,17,0.0,0.857,0.05,4.440661,0.69,0.3851,0.0
2026-05-23 23:32:35,375,-59.54,53,30,0.0,0.855,0.05,6.210678,0.509,0.1949,0.0
2026-05-23 23:32:35,376,-37.05,38,18,0.048,0.878,0.05,7.530661,0.339,0.0996,0.0
2026-05-23 23:32:35,377,60.02,245,38,0.018,0.637,0.05,7.86611,0.458,2.0154,0.0
2026-05-23 23:32:36,378,178.44,348,28,0.0,0.664,0.05,4.959946,0.0,2.8229,0.0
2026-05-23 23:32:37,379,30.98,275,51,0.0,0.576,0.05,3.896434,0.195,2.3831,0.0
2026-05-23 23:32:37,380,28.06,48,0,0.035,0.926,0.05,11.360527,0.241,0.0543,0.0
2026-05-23 23:32:37,381,-9.07,20,3,0.03,0.914,0.05,4.771101,0.17,0.0386,0.0
2026-05-23 23:32:38,382,118.82,280,14,0.0,0.379,0.05,8.080073,0.043,2.3481,0.0
2026-05-23 23:32:38,383,16.42,51,3,0.026,0.767,0.05,9.594884,0.315,0.1041,0.0
2026-05-23 23:32:38,384,-22.03,35,12,0.039,0.882,0.05,5.512362,0.332,0.0842,0.0
2026-05-23 23:32:39,385,14.84,244,55,0.028,0.749,0.05,5.105481,0.142,2.2276,0.0
2026-05-23 23:32:39,386,40.94,59,0,0.0,0.961,0.05,9.864174,0.019,0.0017,0.0
2026-05-23 23:32:39,387,13.27,71,10,0.045,0.741,0.05,6.537294,0.51,0.248,0.0
2026-05-23 23:32:40,388,-42.18,228,65,0.0,0.635,0.05,6.900758,0.042,1.9313,0.0
2026-05-23 23:32:40,389,39.73,61,0,0.035,0.886,0.05,9.554294,0.312,0.0934,0.0
2026-05-23 23:32:40,390,5.16,40,4,0.038,0.875,0.05,3.579677,0.39,0.1399,0.0
2026-05-23 23:32:41,391,31.0,53,0,0.036,0.886,0.05,10.166313,0.266,0.0676,0.0
2026-05-23 23:32:41,392,-69.1,38,25,0.037,0.666,0.05,5.702068,0.454,0.193,0.0
2026-05-23 23:32:41,393,-31.04,38,15,0.047,0.838,0.05,4.104692,0.354,0.114,0.0
2026-05-23 23:32:42,394,-204.26,120,97,0.012,0.899,0.05,5.387473,0.229,0.8148,0.0
2026-05-23 23:32:42,395,41.28,59,0,0.0,0.945,0.05,10.618437,0.0,0.0,0.0
2026-05-23 23:32:42,396,13.21,33,0,0.032,0.904,0.05,6.590562,0.0,0.0,0.0
2026-05-23 23:32:42,397,32.53,54,0,0.0,0.873,0.05,5.266078,0.197,0.0477,0.0
2026-05-23 23:32:42,398,13.95,38,1,0.046,0.884,0.05,5.983146,0.129,0.0272,0.0
2026-05-23 23:32:43,399,21.15,43,0,0.044,0.874,0.05,4.371232,0.392,0.1391,0.0
2026-05-23 23:32:43,400,20.77,41,0,0.046,0.848,0.05,9.664425,0.0,0.0,0.0
2026-05-23 23:32:44,401,-4.96,211,42,0.0,0.504,0.05,5.15488,0.239,1.8062,0.0
2026-05-23 23:32:45,402,-72.64,25,25,0.022,0.84,0.05,4.090358,0.263,0.0565,0.0
2026-05-23 23:32:45,403,29.23,48,0,0.031,0.94,0.05,6.937209,0.172,0.0318,0.0
2026-05-23 23:32:45,404,-20.61,28,10,0.045,0.96,0.05,8.60408,0.024,0.0044,0.0
2026-05-23 23:32:45,405,35.42,54,0,0.042,0.952,0.05,7.097344,0.045,0.0081,0.0
2026-05-23 23:32:46,406,156.84,301,21,0.0,0.663,0.05,9.029908,0.0,2.5159,0.0
2026-05-23 23:32:46,407,-0.38,23,0,0.049,0.77,0.05,6.663977,0.008,0.0005,0.0
2026-05-23 23:32:47,408,42.24,190,30,0.044,0.738,0.05,7.011341,0.388,1.5872,0.0
2026-05-23 23:32:47,409,33.33,54,0,0.047,0.836,0.05,3.801989,0.0,0.0,0.0
2026-05-23 23:32:47,410,44.92,69,0,0.037,0.803,0.05,2.944316,0.471,0.1663,0.0
2026-05-23 23:32:47,411,-22.14,23,7,0.027,0.783,0.05,9.122944,0.04,0.0085,0.0
2026-05-23 23:32:48,412,-14.01,41,7,0.046,0.625,0.05,9.874113,0.302,0.093,0.0
2026-05-23 23:32:48,413,-22.12,38,12,0.04,0.835,0.05,11.2862,0.449,0.1677,0.0
2026-05-23 23:32:48,414,17.42,36,0,0.008,0.919,0.05,4.43161,0.005,0.0007,0.0
2026-05-23 23:32:48,415,-39.42,25,15,0.028,0.929,0.05,3.543937,0.224,0.0443,0.0
2026-05-23 23:32:48,416,39.46,59,0,0.005,0.922,0.05,9.251822,0.064,0.0077,0.0
2026-05-23 23:32:49,417,-76.33,69,39,0.037,0.783,0.05,3.078516,0.6,0.3489,0.0
2026-05-23 23:32:49,418,18.11,36,0,0.002,0.93,0.05,8.356922,0.002,0.0002,0.0
2026-05-23 23:32:49,419,32.36,53,0,0.025,0.905,0.05,7.984613,0.367,0.1085,0.0
2026-05-23 23:32:50,420,17.68,36,0,0.048,0.949,0.05,4.736753,0.018,0.0027,0.0
2026-05-23 23:32:50,421,-54.43,46,22,0.0,0.627,0.05,7.154428,0.527,0.2375,0.0
2026-05-23 23:32:50,422,3.31,33,3,0.021,0.88,0.05,8.448724,0.188,0.0403,0.0
2026-05-23 23:32:50,423,-25.76,48,17,0.036,0.884,0.05,8.275776,0.408,0.1613,0.0
2026-05-23 23:32:50,424,36.31,56,0,0.0,0.938,0.05,8.095081,0.171,0.035,0.0
2026-05-23 23:32:51,425,11.61,46,4,0.014,0.838,0.05,3.440205,0.262,0.0657,0.0
2026-05-23 23:32:51,426,18.73,46,1,0.027,0.791,0.05,4.776851,0.34,0.1012,0.0
2026-05-23 23:32:51,427,-105.97,33,38,0.045,0.811,0.05,5.410713,0.415,0.1816,0.0
2026-05-23 23:32:51,428,13.49,33,0,0.048,0.925,0.05,8.939035,0.181,0.0388,0.0
2026-05-23 23:32:52,429,23.01,43,0,0.046,0.94,0.05,5.956591,0.182,0.0357,0.0
2026-05-23 23:32:52,430,33.93,53,0,0.033,0.929,0.05,7.830438,0.3,0.0838,0.0
2026-05-23 23:32:52,431,31.02,53,0,0.028,0.905,0.05,5.405472,0.336,0.1194,0.0
2026-05-23 23:32:52,432,-75.02,35,29,0.022,0.894,0.05,3.133145,0.36,0.1257,0.0
2026-05-23 23:32:53,433,38.21,58,0,0.048,0.934,0.05,4.052189,0.358,0.0969,0.0
2026-05-23 23:32:53,434,-76.64,30,28,0.038,0.89,0.05,11.767119,0.376,0.1267,0.0
2026-05-23 23:32:53,435,-25.47,45,17,0.035,0.935,0.05,8.11899,0.262,0.0669,0.0
2026-05-23 23:32:54,436,59.77,248,39,0.0,0.649,0.05,3.595597,0.22,2.1294,0.0
2026-05-23 23:32:54,437,-2.31,23,0,0.048,0.735,0.05,8.458952,0.047,0.0055,0.0
2026-05-23 23:32:54,438,38.09,58,0,0.034,0.918,0.05,13.310915,0.32,0.088,0.0
2026-05-23 23:32:54,439,26.29,75,9,0.047,0.885,0.05,6.917039,0.526,0.2692,0.0
2026-05-23 23:32:55,440,23.43,45,0,0.013,0.906,0.05,5.379489,0.239,0.0612,0.0
2026-05-23 23:32:55,441,14.79,41,0,0.046,0.751,0.05,7.865506,0.217,0.0523,0.0
2026-05-23 23:32:55,442,-50.56,35,21,0.044,0.881,0.05,11.342345,0.352,0.1053,0.0
2026-05-23 23:32:55,443,-6.01,48,10,0.041,0.822,0.05,4.520277,0.424,0.1483,0.0
2026-05-23 23:32:56,444,-46.15,33,19,0.036,0.869,0.05,7.120946,0.313,0.0848,0.0
2026-05-23 23:32:56,445,-8.98,30,6,0.047,0.939,0.05,12.268885,0.181,0.0388,0.0
2026-05-23 23:32:56,446,-89.58,176,77,0.0,0.905,0.05,7.480876,0.302,1.4832,0.0
2026-05-23 23:32:57,447,105.45,314,61,0.0,0.954,0.05,9.645215,0.0,2.4052,0.0245
2026-05-23 23:32:57,448,-93.56,43,36,0.044,0.749,0.05,4.06403,0.473,0.161,0.0
2026-05-23 23:32:58,449,-43.05,25,16,0.046,0.936,0.05,6.54545,0.25,0.0555,0.0
2026-05-23 23:32:58,450,15.23,35,0,0.022,0.926,0.05,4.42722,0.205,0.0449,0.0
2026-05-23 23:32:59,451,15.93,46,3,0.026,0.88,0.05,5.00006,0.167,0.037,0.0
2026-05-23 23:32:59,452,-7.18,43,9,0.019,0.853,0.05,10.311551,0.316,0.0807,0.0
2026-05-23 23:33:00,453,-4.46,55,12,0.048,0.867,0.05,7.764785,0.457,0.1878,0.0
2026-05-23 23:33:00,454,4.65,41,5,0.0,0.874,0.05,7.60229,0.277,0.0692,0.0
2026-05-23 23:33:00,455,24.04,45,0,0.025,0.903,0.05,11.157677,0.241,0.0565,0.0
2026-05-23 23:33:00,456,26.43,153,26,0.047,0.686,0.05,6.093073,0.382,1.2107,0.0
2026-05-23 23:33:01,457,-129.36,35,47,0.045,0.862,0.05,3.341343,0.537,0.2218,0.0
2026-05-23 23:33:01,458,48.8,70,0,0.041,0.888,0.05,4.480019,0.505,0.1901,0.0
2026-05-23 23:33:01,459,23.27,45,0,0.038,0.92,0.05,4.638033,0.16,0.0372,0.0
2026-05-23 23:33:02,460,-39.61,30,16,0.018,0.915,0.05,8.806392,0.271,0.0606,0.0
2026-05-23 23:33:02,461,-47.21,30,18,0.035,0.858,0.05,15.748198,0.298,0.0899,0.0
2026-05-23 23:33:02,462,-37.3,91,33,0.04,0.819,0.05,7.931252,0.801,0.5268,0.0
2026-05-23 23:33:02,463,26.03,48,0,0.023,0.888,0.05,9.202314,0.215,0.0438,0.0
2026-05-23 23:33:03,464,35.67,56,0,0.024,0.925,0.05,5.277606,0.067,0.0101,0.0
2026-05-23 23:33:03,465,166.82,288,15,0.047,0.73,0.05,7.818483,0.0,2.505,0.0
2026-05-23 23:33:03,466,-63.17,20,21,0.028,0.919,0.05,9.636427,0.114,0.0206,0.0
2026-05-23 23:33:04,467,24.69,47,0,0.032,0.853,0.05,4.338401,0.152,0.032,0.0
2026-05-23 23:33:04,468,22.31,43,0,0.048,0.931,0.05,4.389472,0.137,0.0288,0.0
2026-05-23 23:33:04,469,51.19,227,26,0.042,0.467,0.05,6.885587,0.327,2.1043,0.0
2026-05-23 23:33:05,470,13.48,33,0,0.021,0.925,0.05,7.687298,0.082,0.0172,0.0
2026-05-23 23:33:05,471,14.66,46,3,0.032,0.86,0.05,4.908155,0.168,0.0305,0.0
2026-05-23 23:33:05,472,205.04,314,13,0.0,0.765,0.05,7.08266,0.0,2.5336,0.0
2026-05-23 23:33:06,473,17.72,46,3,0.027,0.957,0.05,9.043496,0.085,0.0154,0.0
2026-05-23 23:33:06,474,-6.7,28,4,0.038,0.832,0.05,10.026798,0.22,0.0513,0.0
2026-05-23 23:33:06,475,21.52,41,0,0.05,0.863,0.05,5.06059,0.0,0.0,0.0
2026-05-23 23:33:07,476,92.39,314,38,0.015,0.613,0.05,4.693151,0.0,2.9147,0.0
2026-05-23 23:33:07,477,62.76,171,20,0.0,0.764,0.05,6.71943,0.103,1.389,0.0
2026-05-23 23:33:08,478,88.37,259,37,0.028,0.774,0.05,7.841145,0.087,2.3377,0.0
2026-05-23 23:33:08,479,17.64,36,0,0.05,0.902,0.05,3.587356,0.0,0.0,0.0
2026-05-23 23:33:09,480,-93.44,208,77,0.025,0.738,0.05,4.309276,0.02,1.9205,0.0
2026-05-23 23:33:09,481,269.58,346,0,0.045,0.735,0.05,3.99007,0.0,2.8548,0.0
2026-05-23 23:33:10,482,-6.31,25,4,0.042,0.927,0.05,8.458243,0.144,0.0302,0.0
2026-05-23 23:33:10,483,114.07,217,19,0.045,0.881,0.05,5.129653,0.091,1.9689,0.0
2026-05-23 23:33:11,484,158.63,342,31,0.0,0.7,0.05,12.380107,0.0,2.9813,0.0
2026-05-23 23:33:11,485,-94.84,45,38,0.048,0.84,0.05,3.568465,0.646,0.3377,0.0
2026-05-23 23:33:12,486,5.4,205,45,0.025,0.613,0.05,6.249659,0.318,1.8622,0.0
2026-05-23 23:33:12,487,38.71,61,0,0.0,0.919,0.05,2.851772,0.447,0.1881,0.0
2026-05-23 23:33:12,488,16.36,56,6,0.011,0.904,0.05,5.064848,0.377,0.1263,0.0
2026-05-23 23:33:13,489,-58.81,43,26,0.041,0.857,0.05,4.358911,0.485,0.1988,0.0
2026-05-23 23:33:13,490,-94.57,40,38,0.045,0.933,0.05,2.557462,0.334,0.098,0.0
2026-05-23 23:33:13,491,-72.47,20,24,0.048,0.919,0.05,4.476265,0.253,0.063,0.0
2026-05-23 23:33:14,492,-29.12,214,40,0.0,0.281,0.05,3.538375,0.26,1.8953,0.0
2026-05-23 23:33:14,493,17.69,41,0,0.017,0.79,0.05,4.867546,0.034,0.0031,0.0
2026-05-23 23:33:14,494,-84.8,152,66,0.035,0.799,0.05,4.60421,0.3,1.3512,0.0
2026-05-23 23:33:15,495,-30.41,35,15,0.028,0.911,0.05,3.078707,0.27,0.0706,0.0
2026-05-23 23:33:15,496,167.28,337,37,0.0,0.749,0.05,2.723233,0.0,3.2093,0.0
2026-05-23 23:33:16,497,-10.91,74,20,0.012,0.857,0.05,7.744802,0.573,0.2736,0.0
2026-05-23 23:33:16,498,-9.39,43,9,0.026,0.78,0.05,7.416058,0.389,0.1172,0.0
2026-05-23 23:33:17,499,170.86,267,9,0.0,0.708,0.05,3.35675,0.054,2.17,0.0
2026-05-23 23:33:17,500,28.16,51,0,0.024,0.816,0.05,7.376259,0.254,0.062,0.0
2026-05-23 23:33:18,501,-39.91,33,17,0.024,0.866,0.05,8.591871,0.328,0.0921,0.0
2026-05-23 23:33:18,502,-20.43,30,10,0.013,0.907,0.05,4.160717,0.306,0.0813,0.0
2026-05-23 23:33:19,503,17.8,36,0,0.047,0.938,0.05,3.683679,0.0,0.0,0.0
2026-05-23 23:33:19,504,18.36,36,0,0.049,0.954,0.05,14.302317,0.0,0.0,0.0
2026-05-23 23:33:19,505,0.45,51,6,0.046,0.667,0.05,3.721208,0.414,0.1519,0.0
2026-05-23 23:33:19,506,32.9,72,7,0.0,0.955,0.05,3.113758,0.034,0.0079,0.0
2026-05-23 23:33:20,507,-97.58,77,45,0.004,0.664,0.05,10.54624,0.613,0.5226,0.0
2026-05-23 23:33:20,508,84.58,307,45,0.0,0.689,0.05,3.32447,0.0,2.7854,0.0
2026-05-23 23:33:21,509,18.35,71,9,0.042,0.822,0.05,4.64609,0.538,0.2801,0.0
2026-05-23 23:33:21,510,35.51,59,1,0.042,0.926,0.05,5.075165,0.315,0.0974,0.0
2026-05-23 23:33:21,511,31.33,56,1,0.01,0.908,0.05,6.372269,0.209,0.0464,0.0
2026-05-23 23:33:21,512,-52.34,36,23,0.032,0.928,0.05,11.63226,0.102,0.0236,0.0
2026-05-23 23:33:22,513,18.78,36,0,0.007,0.947,0.05,4.031881,0.0,0.0,0.0
2026-05-23 23:33:22,514,15.45,43,2,0.025,0.907,0.05,6.799564,0.334,0.0955,0.0
2026-05-23 23:33:22,515,-91.61,20,30,0.047,0.878,0.05,6.26617,0.288,0.0818,0.0
2026-05-23 23:33:22,516,17.1,43,2,0.049,0.941,0.05,5.590267,0.249,0.0552,0.0
2026-05-23 23:33:23,517,33.67,56,0,0.032,0.865,0.05,7.248148,0.429,0.1616,0.0
2026-05-23 23:33:23,518,-1.5,30,4,0.031,0.911,0.05,5.778538,0.204,0.0468,0.0
2026-05-23 23:33:23,519,-58.73,51,29,0.0,0.877,0.05,11.485394,0.422,0.1468,0.0
2026-05-23 23:33:23,520,-11.29,38,8,0.019,0.786,0.05,5.835818,0.351,0.113,0.0
2026-05-23 23:33:23,521,25.48,45,0,0.001,0.857,0.05,7.554992,0.0,0.0,0.0
2026-05-23 23:33:24,522,12.84,33,0,0.045,0.913,0.05,5.113513,0.169,0.0387,0.0
2026-05-23 23:33:24,523,31.55,51,0,0.009,0.951,0.05,3.617814,0.131,0.0274,0.0
2026-05-23 23:33:24,524,214.13,299,0,0.0,0.564,0.05,7.075747,0.235,2.4074,0.0
2026-05-23 23:33:25,525,-12.88,51,11,0.048,0.71,0.05,5.577928,0.484,0.1846,0.0
2026-05-23 23:33:25,526,17.68,36,0,0.0,0.927,0.05,4.309893,0.01,0.0006,0.0
2026-05-23 23:33:25,527,-20.37,38,12,0.024,0.858,0.05,4.20958,0.271,0.0664,0.0
2026-05-23 23:33:25,528,34.09,54,0,0.0,0.894,0.05,2.8881,0.12,0.0276,0.0
2026-05-23 23:33:26,529,24.65,46,0,0.0,0.869,0.05,5.646255,0.089,0.0133,0.0
2026-05-23 23:33:26,530,18.21,36,0,0.042,0.958,0.05,7.330503,0.012,0.0007,0.0
2026-05-23 23:33:26,531,25.28,46,0,0.05,0.897,0.05,4.109457,0.277,0.0651,0.0
2026-05-23 23:33:26,532,17.87,36,0,0.032,0.947,0.05,2.751926,0.025,0.0026,0.0
2026-05-23 23:33:26,533,-3.39,43,8,0.049,0.88,0.05,5.505933,0.33,0.0965,0.0
2026-05-23 23:33:27,534,95.93,217,21,0.0,0.646,0.05,6.444983,0.555,1.734,0.0
2026-05-23 23:33:27,535,81.32,268,30,0.0,0.544,0.05,7.164678,0.181,2.3938,0.0
2026-05-23 23:33:28,536,-38.18,33,16,0.05,0.815,0.05,3.482827,0.362,0.1025,0.0
2026-05-23 23:33:28,537,5.3,46,4,0.045,0.73,0.05,2.815543,0.36,0.1111,0.0
2026-05-23 23:33:29,538,67.55,245,33,0.034,0.678,0.05,4.863913,0.053,2.1472,0.0
2026-05-23 23:33:29,539,203.08,320,15,0.008,0.692,0.05,5.317798,0.056,2.6811,0.0
2026-05-23 23:33:29,540,5.02,48,6,0.044,0.815,0.05,9.651684,0.502,0.2073,0.0
2026-05-23 23:33:30,541,54.69,264,37,0.038,0.553,0.05,6.338686,0.021,2.2466,0.0
2026-05-23 23:33:31,542,50.5,220,34,0.012,0.639,0.05,5.022875,0.318,1.8622,0.0
2026-05-23 23:33:31,543,-7.03,41,9,0.047,0.858,0.05,4.293346,0.033,0.007,0.0
2026-05-23 23:33:31,544,142.85,311,28,0.0,0.703,0.05,5.588016,0.0,2.6062,0.0
2026-05-23 23:33:32,545,43.57,79,3,0.0,0.786,0.05,3.353813,0.606,0.2647,0.0
2026-05-23 23:33:32,546,22.94,41,0,0.0,0.938,0.05,3.628728,0.0,0.0,0.0
2026-05-23 23:33:32,547,200.92,333,11,0.039,0.595,0.05,8.431699,0.0,2.7688,0.0
2026-05-23 23:33:33,548,151.75,289,28,0.0,0.806,0.05,6.022442,0.052,2.7981,0.0
2026-05-23 23:33:33,549,-66.42,41,28,0.0,0.814,0.05,5.665637,0.308,0.0808,0.0
2026-05-23 23:33:34,550,184.27,302,18,0.037,0.689,0.05,7.087555,0.046,2.3956,0.0
2026-05-23 23:33:36,551,237.56,307,9,0.0,0.867,0.05,7.296346,0.01,2.7401,0.0052
2026-05-23 23:33:36,552,15.53,58,7,0.042,0.906,0.05,2.502015,0.387,0.1289,0.0
2026-05-23 23:33:36,553,36.3,55,0,0.043,0.962,0.05,3.879475,0.109,0.023,0.0
2026-05-23 23:33:36,554,24.75,46,1,0.0,0.964,0.05,4.642113,0.0,0.0,0.0
2026-05-23 23:33:36,555,25.9,46,0,0.027,0.91,0.05,4.609843,0.053,0.0064,0.0
2026-05-23 23:33:37,556,266.38,343,0,0.0,0.714,0.05,6.457006,0.0,2.5984,0.0
2026-05-23 23:33:37,557,23.15,76,10,0.045,0.849,0.05,3.566378,0.616,0.2767,0.0
2026-05-23 23:33:38,558,-27.9,35,14,0.047,0.924,0.05,2.945078,0.394,0.1134,0.0
2026-05-23 23:33:38,559,196.66,274,5,0.01,0.655,0.05,3.102966,0.436,2.4666,0.0
2026-05-23 23:33:39,560,178.07,330,30,0.005,0.777,0.05,9.568125,0.0,2.7516,0.0453
2026-05-23 23:33:39,561,-45.84,61,28,0.0,0.892,0.05,4.327219,0.564,0.2536,0.0
2026-05-23 23:33:40,562,-34.24,46,17,0.036,0.696,0.05,2.465989,0.493,0.1662,0.0
2026-05-23 23:33:40,563,209.71,344,31,0.0,0.886,0.05,3.328761,0.0,2.8194,0.0737
2026-05-23 23:33:41,564,10.55,152,32,0.015,0.709,0.05,7.955942,0.348,1.2316,0.0
2026-05-23 23:33:41,565,211.47,343,35,0.001,0.965,0.05,4.316232,0.0,2.8028,0.0
2026-05-23 23:33:42,566,124.7,341,50,0.045,0.817,0.05,3.485133,0.0,3.2717,0.1922
2026-05-23 23:33:42,567,60.45,136,14,0.034,0.695,0.05,3.765584,0.915,0.8953,0.0
2026-05-23 23:33:43,568,236.05,339,10,0.0,0.723,0.05,9.254757,0.0,2.6965,0.0
2026-05-23 23:33:43,569,-31.22,25,12,0.008,0.911,0.05,3.579705,0.251,0.0593,0.0
2026-05-23 23:33:44,570,13.33,124,27,0.027,0.73,0.05,2.304517,0.914,0.8953,0.0
2026-05-23 23:33:44,571,19.25,36,0,0.005,0.968,0.05,8.93759,0.0,0.0,0.0
2026-05-23 23:33:44,572,-2.08,73,18,0.046,0.868,0.05,6.686133,0.635,0.384,0.0
2026-05-23 23:33:44,573,-8.9,66,17,0.007,0.883,0.05,3.884376,0.582,0.3188,0.0
2026-05-23 23:33:45,574,54.93,93,5,0.048,0.836,0.05,12.192473,0.726,0.4595,0.0
2026-05-23 23:33:45,575,2.88,71,15,0.027,0.903,0.05,2.863865,0.559,0.2829,0.0
2026-05-23 23:33:45,576,-19.13,35,11,0.035,0.909,0.05,2.974822,0.419,0.1552,0.0
2026-05-23 23:33:45,577,16.76,36,0,0.0,0.885,0.05,4.266878,0.0,0.0,0.0
2026-05-23 23:33:46,578,135.32,256,18,0.0,0.68,0.05,2.136416,0.14,1.9566,0.0
2026-05-23 23:33:46,579,-21.12,70,23,0.049,0.845,0.05,4.300848,0.737,0.4392,0.0
2026-05-23 23:33:47,580,42.77,77,4,0.044,0.899,0.05,2.659833,0.612,0.3104,0.0
2026-05-23 23:33:47,581,-8.88,50,13,0.046,0.893,0.05,3.216139,0.608,0.2445,0.0
2026-05-23 23:33:48,582,139.62,300,31,0.044,0.754,0.05,3.005419,0.0,2.6533,0.0
2026-05-23 23:33:48,583,10.21,28,0,0.03,0.963,0.05,2.05445,0.0,0.0,0.0
2026-05-23 23:33:48,584,-16.48,72,18,0.049,0.677,0.05,4.290026,0.708,0.3605,0.0
2026-05-23 23:33:49,585,157.55,304,35,0.0,0.888,0.05,4.305869,0.019,2.6844,0.0
2026-05-23 23:33:49,586,19.48,36,0,0.042,0.975,0.05,3.177677,0.0,0.0,0.0
2026-05-23 23:33:49,587,64.98,293,61,0.0,0.853,0.05,3.946676,0.0,2.2472,0.0
2026-05-23 23:33:50,588,-52.44,43,22,0.047,0.689,0.05,6.221683,0.592,0.2379,0.0
2026-05-23 23:33:50,589,137.33,267,23,0.007,0.765,0.05,5.551639,0.134,2.1686,0.0
2026-05-23 23:33:51,590,165.54,321,30,0.0,0.701,0.05,4.640069,0.106,2.4965,0.0
2026-05-23 23:33:51,591,10.83,36,0,0.049,0.736,0.05,4.12854,0.0,0.0,0.0
2026-05-23 23:33:51,592,16.99,63,8,0.037,0.887,0.05,2.675025,0.5,0.1623,0.0
2026-05-23 23:33:52,593,-66.79,106,48,0.039,0.803,0.05,3.393471,0.849,0.7481,0.0
2026-05-23 23:33:52,594,-45.52,28,16,0.044,0.75,0.05,3.823997,0.336,0.0912,0.0
2026-05-23 23:33:52,595,28.62,99,13,0.0,0.732,0.05,4.168351,0.775,0.5316,0.0
2026-05-23 23:33:53,596,184.77,351,28,0.0,0.795,0.05,6.397711,0.0,3.0562,0.0767
2026-05-23 23:33:53,597,5.49,28,0,0.048,0.821,0.05,5.18608,0.014,0.0012,0.0
2026-05-23 23:33:54,598,-6.02,180,46,0.0,0.714,0.05,5.939573,0.177,1.394,0.0
2026-05-23 23:33:54,599,20.76,222,45,0.019,0.694,0.05,6.669814,0.23,1.9091,0.0
2026-05-23 23:33:55,600,18.15,63,7,0.05,0.849,0.05,3.106854,0.539,0.2388,0.0
2026-05-23 23:33:56,601,29.92,89,10,0.018,0.802,0.05,3.444767,0.717,0.4846,0.0
2026-05-23 23:33:56,602,39.27,59,0,0.0,0.921,0.05,5.513004,0.009,0.0017,0.0
2026-05-23 23:33:56,603,-0.01,56,10,0.04,0.781,0.05,2.427192,0.499,0.191,0.0
2026-05-23 23:33:57,604,210.85,363,20,0.043,0.727,0.05,6.987812,0.0,3.2132,0.0338
2026-05-23 23:33:58,605,156.22,290,30,0.0,0.851,0.05,5.93228,0.024,2.2138,0.0
2026-05-23 23:33:58,606,37.75,54,0,0.0,0.963,0.05,4.488406,0.0,0.0,0.0
2026-05-23 23:33:58,607,-22.45,87,28,0.023,0.85,0.05,4.488675,0.841,0.4696,0.0
2026-05-23 23:33:59,608,139.72,282,22,0.004,0.697,0.05,3.514793,0.015,2.2454,0.0
2026-05-23 23:33:59,609,19.33,41,0,0.0,0.824,0.05,2.738245,0.043,0.0039,0.0
2026-05-23 23:34:00,610,49.14,211,37,0.0,0.77,0.05,3.227917,0.22,1.7401,0.0
2026-05-23 23:34:00,611,281.4,371,9,0.018,0.87,0.05,3.325278,0.0,3.4199,0.2503
2026-05-23 23:34:01,612,-12.51,72,21,0.043,0.903,0.05,8.208415,0.713,0.357,0.0
2026-05-23 23:34:01,613,35.66,54,0,0.034,0.965,0.05,4.522458,0.039,0.0058,0.0
2026-05-23 23:34:02,614,154.8,334,49,0.0,0.952,0.05,4.176211,0.0,2.7444,0.0
2026-05-23 23:34:02,615,211.38,356,12,0.0,0.569,0.05,7.402924,0.0,2.7854,0.0
2026-05-23 23:34:02,616,25.13,46,0,0.047,0.85,0.05,6.406537,0.005,0.0003,0.0
2026-05-23 23:34:03,617,33.6,54,0,0.048,0.848,0.05,3.02819,0.021,0.0013,0.0
2026-05-23 23:34:03,618,18.66,36,0,0.018,0.939,0.05,3.160578,0.0,0.0,0.0
2026-05-23 23:34:03,619,23.25,41,0,0.031,0.948,0.05,6.726654,0.0,0.0,0.0
2026-05-23 23:34:03,620,63.68,263,54,0.03,0.892,0.05,8.658804,0.0,2.2103,0.0
2026-05-23 23:34:04,621,116.01,322,59,0.025,0.945,0.05,8.782948,0.0,3.0477,0.0
2026-05-23 23:34:05,622,128.19,325,55,0.0,0.92,0.05,7.840397,0.0,2.7003,0.0
2026-05-23 23:34:06,623,186.73,295,11,0.0,0.783,0.05,7.757367,0.0,2.469,0.0
2026-05-23 23:34:06,624,234.02,352,25,0.0,0.902,0.05,3.161942,0.0,2.878,0.0
2026-05-23 23:34:07,625,36.36,54,0,0.0,0.95,0.05,3.587666,0.0,0.0,0.0
2026-05-23 23:34:07,626,148.18,308,39,0.35,0.91,0.05,2.966479,0.0,2.8735,0.0
2026-05-23 23:34:08,627,192.81,306,26,0.009,0.936,0.05,6.890845,0.0,2.4346,0.0
2026-05-23 23:34:08,628,21.5,41,0,0.0,0.872,0.05,5.633668,0.0,0.0,0.0
2026-05-23 23:34:09,629,16.74,59,6,0.0,0.817,0.05,8.178441,0.198,0.0397,0.0
2026-05-23 23:34:09,630,20.75,39,0,0.046,0.905,0.05,9.553547,0.0,0.0,0.0
2026-05-23 23:34:09,631,53.29,245,52,0.0,0.901,0.05,4.116084,0.101,1.7808,0.0
2026-05-23 23:34:10,632,195.09,361,42,0.0,0.905,0.05,2.555474,0.0,2.9099,0.0
2026-05-23 23:34:11,633,151.81,336,33,0.038,0.704,0.05,4.739374,0.0,2.7707,0.0
2026-05-23 23:34:11,634,18.54,36,0,0.014,0.93,0.05,4.302916,0.0,0.0,0.0
2026-05-23 23:34:11,635,103.73,322,45,0.0,0.769,0.05,3.850273,0.0,3.3181,0.5087
2026-05-23 23:34:12,636,53.31,234,45,0.0,0.788,0.05,8.266168,0.231,1.8212,0.0
2026-05-23 23:34:12,637,-36.73,96,34,0.049,0.774,0.05,6.589319,0.77,0.687,0.0
2026-05-23 23:34:13,638,96.32,311,19,0.0,0.327,0.05,5.956241,0.026,3.1788,0.0
2026-05-23 23:34:13,639,70.09,99,0,0.0,0.739,0.05,3.841758,0.781,0.4597,0.0
2026-05-23 23:34:13,640,21.1,41,0,0.0,0.881,0.05,2.404824,0.0,0.0,0.0
2026-05-23 23:34:14,641,102.21,273,29,0.047,0.561,0.05,4.100981,0.274,2.3695,0.0
2026-05-23 23:34:14,642,215.04,317,20,0.0,0.894,0.05,4.01169,0.0,2.4052,0.0
2026-05-23 23:34:15,643,85.83,114,0,0.009,0.761,0.05,3.282285,0.811,0.6188,0.0
2026-05-23 23:34:15,644,21.72,41,0,0.045,0.873,0.05,5.314214,0.0,0.0,0.0
2026-05-23 23:34:15,645,-14.52,81,23,0.0,0.802,0.05,3.698077,0.736,0.4164,0.0
2026-05-23 23:34:16,646,224.46,335,6,0.0,0.672,0.05,3.467657,0.0,2.5347,0.0
2026-05-23 23:34:16,647,164.72,335,39,0.034,0.831,0.05,5.522381,0.0,2.7321,0.081
2026-05-23 23:34:17,648,142.55,318,35,0.0,0.774,0.05,4.711027,0.0,2.8422,0.1233
2026-05-23 23:34:18,649,214.6,311,22,0.0,0.949,0.05,4.937113,0.0,2.4592,0.0
2026-05-23 23:34:18,650,-45.4,48,23,0.046,0.807,0.05,4.418601,0.566,0.2202,0.0
2026-05-23 23:34:20,651,67.97,205,17,0.027,0.43,0.05,6.199684,0.53,1.6255,0.0
2026-05-23 23:34:20,652,185.28,307,10,0.0,0.579,0.05,3.827237,0.047,2.5842,0.0
2026-05-23 23:34:21,653,208.52,332,23,0.0,0.805,0.05,4.166924,0.0,2.6965,0.0
2026-05-23 23:34:22,654,244.93,324,12,0.017,0.891,0.05,6.427059,0.0,2.8422,0.0179
2026-05-23 23:34:22,655,36.58,54,0,0.0,0.958,0.05,4.557378,0.0,0.0,0.0
2026-05-23 23:34:22,656,165.33,312,29,0.0,0.791,0.05,3.188759,0.0,2.7301,0.0
2026-05-23 23:34:23,657,46.1,68,0,0.041,0.863,0.05,6.102478,0.602,0.2671,0.0
2026-05-23 23:34:23,658,81.69,105,0,0.014,0.86,0.05,3.434542,0.81,0.4381,0.0
2026-05-23 23:34:23,659,-22.06,88,28,0.0,0.784,0.05,3.055246,0.831,0.5575,0.0
2026-05-23 23:34:24,660,212.36,336,17,0.012,0.711,0.05,8.079891,0.0,3.0132,0.0
2026-05-23 23:34:24,661,156.84,291,23,0.0,0.672,0.05,4.119477,0.044,2.3084,0.0
2026-05-23 23:34:25,662,27.58,46,0,0.039,0.972,0.05,2.321784,0.008,0.0014,0.0
2026-05-23 23:34:25,663,14.91,36,0,0.048,0.833,0.05,2.881109,0.037,0.0078,0.0
2026-05-23 23:34:25,664,186.98,300,10,0.023,0.645,0.05,3.763369,0.0,2.4264,0.0
2026-05-23 23:34:26,665,225.07,317,3,0.0,0.607,0.05,2.938486,0.012,2.5152,0.0
2026-05-23 23:34:27,666,37.7,208,42,0.05,0.809,0.05,3.292346,0.177,1.6857,0.0
2026-05-23 23:34:27,667,148.54,332,25,0.048,0.564,0.05,3.334679,0.0,2.9439,0.0
2026-05-23 23:34:27,668,27.14,46,0,0.038,0.905,0.05,3.344888,0.0,0.0,0.0
2026-05-23 23:34:28,669,75.83,216,28,0.0,0.713,0.05,2.247928,0.054,1.829,0.0
2026-05-23 23:34:28,670,24.34,41,0,0.046,0.968,0.05,5.879565,0.0,0.0,0.0
2026-05-23 23:34:28,671,15.8,33,0,0.035,0.95,0.05,4.36631,0.0,0.0,0.0
2026-05-23 23:34:28,672,28.34,46,0,0.008,0.959,0.05,3.064016,0.0,0.0,0.0
2026-05-23 23:34:28,673,24.26,41,0,0.0,0.968,0.05,6.464185,0.0,0.0,0.0
2026-05-23 23:34:29,674,23.0,41,0,0.006,0.937,0.05,7.111008,0.0,0.0,0.0
2026-05-23 23:34:29,675,17.98,40,0,0.041,0.895,0.05,2.530201,0.479,0.1538,0.0
2026-05-23 23:34:29,676,137.73,312,32,0.0,0.734,0.05,4.142562,0.0,2.7197,0.0
2026-05-23 23:34:30,677,-5.6,81,21,0.0,0.858,0.05,5.038256,0.702,0.3719,0.0
2026-05-23 23:34:31,678,80.2,279,27,0.0,0.594,0.05,8.942548,0.0,2.4799,0.0
2026-05-23 23:34:31,679,106.92,286,37,0.022,0.772,0.05,6.894822,0.0,2.488,0.0
2026-05-23 23:34:32,680,-7.65,227,62,0.0,0.83,0.05,3.694652,0.025,1.9349,0.0
2026-05-23 23:34:32,681,-34.78,61,24,0.0,0.85,0.05,3.194111,0.615,0.2722,0.0
2026-05-23 23:34:32,682,24.67,41,0,0.025,0.968,0.05,3.055494,0.0,0.0,0.0
2026-05-23 23:34:32,683,35.08,54,0,0.006,0.917,0.05,2.864397,0.008,0.0017,0.0
2026-05-23 23:34:32,684,19.58,41,0,0.046,0.807,0.05,3.925355,0.0,0.0,0.0
2026-05-23 23:34:33,685,-14.65,214,56,0.0,0.734,0.05,3.589472,0.115,1.7593,0.0
2026-05-23 23:34:33,686,93.78,191,15,0.047,0.678,0.05,5.465386,0.256,1.6671,0.0
2026-05-23 23:34:34,687,-31.77,61,22,0.046,0.765,0.05,2.626181,0.567,0.2398,0.0
2026-05-23 23:34:34,688,131.01,182,0,0.0,0.677,0.05,5.043372,0.296,1.4374,0.0
2026-05-23 23:34:35,689,-15.89,61,18,0.049,0.86,0.05,2.910525,0.637,0.2776,0.0
2026-05-23 23:34:35,690,210.75,312,7,0.012,0.659,0.05,3.926168,0.0,2.5233,0.0
2026-05-23 23:34:36,691,-3.72,248,58,0.0,0.674,0.05,2.517121,0.063,2.1054,0.0
2026-05-23 23:34:36,692,20.51,41,0,0.0,0.867,0.05,2.195447,0.004,0.0005,0.0
2026-05-23 23:34:37,693,73.78,244,33,0.0,0.693,0.05,1.939865,0.113,1.9097,0.0
2026-05-23 23:34:37,694,-30.61,86,27,0.013,0.695,0.05,4.385024,0.825,0.6383,0.0
2026-05-23 23:34:37,695,235.51,327,0,0.019,0.616,0.05,3.691206,0.058,2.5911,0.0
2026-05-23 23:34:38,696,-71.12,45,30,0.05,0.779,0.05,6.131053,0.581,0.2385,0.0
2026-05-23 23:34:38,697,18.28,59,7,0.05,0.954,0.05,3.296889,0.217,0.056,0.0
2026-05-23 23:34:39,698,85.98,230,32,0.0,0.85,0.05,5.129028,0.034,1.8876,0.0
2026-05-23 23:34:39,699,-57.82,48,26,0.048,0.743,0.05,3.654256,0.544,0.2207,0.0
2026-05-23 23:34:39,700,35.91,54,0,0.0,0.951,0.05,1.881416,0.0,0.0,0.0
2026-05-23 23:34:40,701,35.91,54,0,0.04,0.956,0.05,4.059791,0.0,0.0,0.0
2026-05-23 23:34:41,702,15.71,144,29,0.049,0.635,0.05,3.845662,0.534,1.1329,0.0
2026-05-23 23:34:41,703,38.61,61,0,0.048,0.882,0.05,2.420339,0.592,0.2344,0.0
2026-05-23 23:34:41,704,54.49,72,0,0.0,0.939,0.05,2.987242,0.0,0.0,0.0
2026-05-23 23:34:42,705,87.91,282,35,0.0,0.556,0.05,2.239779,0.131,2.3146,0.0
2026-05-23 23:34:42,706,35.37,54,0,0.048,0.913,0.05,2.028079,0.0,0.0,0.0
2026-05-23 23:34:42,707,3.26,185,40,0.042,0.546,0.05,2.713443,0.513,1.4192,0.0
2026-05-23 23:34:43,708,25.69,54,3,0.024,0.93,0.05,3.857416,0.183,0.0426,0.0
2026-05-23 23:34:43,709,51.9,238,37,0.0,0.645,0.05,2.354209,0.323,1.764,0.0
2026-05-23 23:34:44,710,51.15,219,42,0.0,0.851,0.05,2.903715,0.11,1.7886,0.0
2026-05-23 23:34:44,711,-39.36,63,27,0.042,0.877,0.05,4.908266,0.616,0.2986,0.0
2026-05-23 23:34:44,712,-7.43,61,16,0.046,0.893,0.05,3.316499,0.548,0.2044,0.0
2026-05-23 23:34:45,713,36.46,59,1,0.023,0.947,0.05,5.660195,0.255,0.0698,0.0
2026-05-23 23:34:45,714,11.26,56,8,0.046,0.904,0.05,4.412827,0.492,0.1848,0.0
2026-05-23 23:34:45,715,15.96,36,0,0.044,0.835,0.05,4.834775,0.0,0.0,0.0
2026-05-23 23:34:45,716,-65.38,61,35,0.0,0.889,0.05,5.46097,0.68,0.3198,0.0
2026-05-23 23:34:46,717,131.03,304,30,0.0,0.64,0.05,2.746281,0.0,2.8914,0.0
2026-05-23 23:34:46,718,-15.07,48,14,0.045,0.896,0.05,2.496764,0.423,0.1451,0.0
2026-05-23 23:34:46,719,34.55,54,0,0.0,0.863,0.05,2.312346,0.0,0.0,0.0
2026-05-23 23:34:47,720,-30.16,56,21,0.045,0.881,0.05,4.010036,0.435,0.1433,0.0
2026-05-23 23:34:47,721,28.9,46,0,0.018,0.944,0.05,2.498282,0.0,0.0,0.0
2026-05-23 23:34:47,722,82.26,304,43,0.0,0.555,0.05,2.204391,0.09,2.7773,0.0
2026-05-23 23:34:48,723,-50.34,41,24,0.026,0.936,0.05,3.299857,0.167,0.0434,0.0
2026-05-23 23:34:48,724,53.17,278,37,0.009,0.45,0.05,2.176281,0.255,2.5653,0.0
2026-05-23 23:34:49,725,291.8,358,6,0.0,0.881,0.05,4.846947,0.0,3.0695,0.0137
2026-05-23 23:34:49,726,6.22,59,11,0.046,0.97,0.05,2.576832,0.175,0.0466,0.0
2026-05-23 23:34:49,727,18.95,36,0,0.048,0.964,0.05,2.819486,0.0,0.0,0.0
2026-05-23 23:34:49,728,-64.55,36,26,0.045,0.852,0.05,3.235079,0.299,0.0915,0.0
2026-05-23 23:34:50,729,18.53,36,0,0.013,0.945,0.05,4.003767,0.0,0.0,0.0
2026-05-23 23:34:50,730,36.39,54,0,0.011,0.948,0.05,2.932276,0.002,0.0002,0.0
2026-05-23 23:34:50,731,171.49,297,7,0.02,0.532,0.05,4.531281,0.157,2.5173,0.0
2026-05-23 23:34:51,732,132.12,271,17,0.034,0.58,0.05,2.969603,0.344,2.3586,0.0
2026-05-23 23:34:51,733,27.16,69,7,0.039,0.929,0.05,2.183662,0.452,0.1662,0.0
2026-05-23 23:34:52,734,0.22,204,42,0.0,0.592,0.05,2.270504,0.193,1.7015,0.0
2026-05-23 23:34:52,735,275.39,357,7,0.0,0.837,0.05,3.744079,0.0,2.7739,0.0
2026-05-23 23:34:53,736,127.38,308,26,0.01,0.554,0.05,3.012902,0.014,2.5788,0.0
2026-05-23 23:34:53,737,-14.61,36,10,0.0,0.87,0.05,2.030017,0.034,0.0062,0.0
2026-05-23 23:34:54,738,-27.78,69,24,0.019,0.817,0.05,3.117157,0.674,0.2919,0.0
2026-05-23 23:34:54,739,28.78,54,1,0.0,0.837,0.05,3.137642,0.062,0.0129,0.0
2026-05-23 23:34:55,740,158.83,322,25,0.036,0.716,0.05,4.050683,0.0,2.9099,0.0
2026-05-23 23:34:55,741,35.65,54,0,0.002,0.915,0.05,3.549033,0.0,0.0,0.0
2026-05-23 23:34:55,742,156.64,304,22,0.017,0.696,0.05,3.268687,0.018,2.7677,0.0
2026-05-23 23:34:56,743,34.41,56,0,0.043,0.867,0.05,5.634622,0.516,0.1864,0.0
2026-05-23 23:34:56,744,34.77,61,0,0.042,0.78,0.05,2.59562,0.545,0.1956,0.0
2026-05-23 23:34:56,745,-24.92,28,9,0.043,0.752,0.05,2.628319,0.343,0.0937,0.0
2026-05-23 23:34:56,746,-25.94,62,19,0.01,0.744,0.05,4.445677,0.423,0.2193,0.0
2026-05-23 23:34:57,747,71.59,286,40,0.0,0.545,0.05,4.282835,0.206,2.7465,0.0
2026-05-23 23:34:57,748,-14.72,54,14,0.014,0.75,0.05,2.417594,0.397,0.1308,0.0
2026-05-23 23:34:57,749,41.59,59,0,0.022,0.961,0.05,2.184018,0.0,0.0,0.0
2026-05-23 23:34:58,750,38.5,59,0,0.043,0.91,0.05,2.849694,0.479,0.1642,0.0
2026-05-23 23:34:59,751,184.19,288,14,0.0,0.662,0.05,5.15781,0.236,2.7092,0.0
2026-05-23 23:35:00,752,92.65,253,26,0.0,0.459,0.05,3.04874,0.938,2.4477,0.0
2026-05-23 23:35:00,753,253.58,312,0,0.0,0.749,0.05,2.891331,0.06,2.6461,0.0
2026-05-23 23:35:01,754,297.09,359,0,0.029,0.79,0.05,2.603567,0.0,2.9951,0.0
2026-05-23 23:35:02,755,84.12,206,24,0.0,0.722,0.05,1.89681,0.253,1.6369,0.0
2026-05-23 23:35:02,756,235.74,349,10,0.0,0.664,0.05,3.235111,0.0,2.7197,0.0
2026-05-23 23:35:02,757,-5.02,23,0,0.047,0.698,0.05,2.708068,0.022,0.0013,0.0
2026-05-23 23:35:03,758,8.64,28,0,0.042,0.894,0.05,3.732534,0.009,0.0005,0.0
2026-05-23 23:35:03,759,9.43,42,0,0.024,0.645,0.05,3.315232,0.237,0.0545,0.0
2026-05-23 23:35:03,760,142.98,285,30,0.01,0.836,0.05,4.740648,0.0,2.3991,0.0
2026-05-23 23:35:04,761,136.03,288,11,0.049,0.36,0.05,5.469545,0.37,2.52,0.0
2026-05-23 23:35:04,762,20.98,55,0,0.045,0.645,0.05,4.236416,0.609,0.2519,0.0
2026-05-23 23:35:04,763,30.2,48,0,0.019,0.933,0.05,2.842682,0.0,0.0,0.0
2026-05-23 23:35:05,764,-8.86,56,15,0.01,0.924,0.05,4.796465,0.334,0.1021,0.0
2026-05-23 23:35:05,765,13.13,33,0,0.0,0.867,0.05,2.654453,0.004,0.0006,0.0
2026-05-23 23:35:05,766,179.56,321,16,0.039,0.622,0.05,4.934076,0.061,2.7851,0.0
2026-05-23 23:35:06,767,89.51,286,53,0.011,0.898,0.05,3.352352,0.059,2.4094,0.0
2026-05-23 23:35:07,768,166.33,297,28,0.0,0.859,0.05,4.115467,0.013,2.7342,0.0
2026-05-23 23:35:07,769,23.86,41,0,0.024,0.959,0.05,3.052854,0.0,0.0,0.0
2026-05-23 23:35:07,770,81.49,276,40,0.0,0.641,0.05,6.063924,0.296,2.2396,0.0
2026-05-23 23:35:08,771,-1.41,23,0,0.05,0.753,0.05,3.83403,0.02,0.0018,0.0
2026-05-23 23:35:08,772,-16.67,87,26,0.017,0.86,0.05,4.448471,0.604,0.39,0.0
2026-05-23 23:35:08,773,194.28,293,9,0.017,0.643,0.05,1.664772,0.071,2.568,0.0
2026-05-23 23:35:09,774,-20.48,52,12,0.049,0.587,0.05,4.332202,0.333,0.1136,0.0
2026-05-23 23:35:09,775,12.85,36,0,0.05,0.767,0.05,2.631171,0.005,0.001,0.0
2026-05-23 23:35:10,776,259.61,337,3,0.0,0.787,0.05,4.188145,0.0,2.6957,0.0
2026-05-23 23:35:10,777,263.39,318,5,0.037,0.902,0.05,2.816935,0.0,2.488,0.0
2026-05-23 23:35:10,778,39.17,59,0,0.0,0.891,0.05,2.215949,0.002,0.0002,0.0
2026-05-23 23:35:11,779,-59.84,59,31,0.0,0.787,0.05,4.191786,0.586,0.2393,0.0
2026-05-23 23:35:11,780,282.9,370,4,0.033,0.823,0.05,3.027395,0.0,3.2717,0.2271
2026-05-23 23:35:12,781,36.4,54,0,0.012,0.953,0.05,5.764501,0.0,0.0,0.0
2026-05-23 23:35:12,782,45.83,71,0,0.047,0.841,0.05,3.683276,0.619,0.3375,0.0
2026-05-23 23:35:12,783,20.94,46,0,0.0,0.769,0.05,2.622417,0.024,0.0029,0.0
2026-05-23 23:35:12,784,20.6,41,0,0.048,0.855,0.05,2.717964,0.004,0.0005,0.0
2026-05-23 23:35:13,785,45.68,109,13,0.033,0.85,0.05,3.16912,0.822,0.5786,0.0
2026-05-23 23:35:13,786,108.39,255,23,0.0,0.629,0.05,4.614522,0.189,2.0033,0.0
2026-05-23 23:35:14,787,34.08,56,0,0.049,0.887,0.05,3.38091,0.436,0.1661,0.0
2026-05-23 23:35:14,788,-26.73,43,15,0.046,0.829,0.05,3.097566,0.545,0.2237,0.0
2026-05-23 23:35:15,789,213.44,333,0,0.0,0.467,0.05,3.034918,0.008,2.6077,0.0
2026-05-23 23:35:15,790,46.16,64,0,0.0,0.966,0.05,2.646477,0.0,0.0,0.0
2026-05-23 23:35:16,791,248.14,340,13,0.0,0.815,0.05,6.006773,0.0,2.7887,0.0
2026-05-23 23:35:16,792,-31.99,43,16,0.041,0.77,0.05,2.260668,0.513,0.1933,0.0
2026-05-23 23:35:16,793,15.38,36,0,0.0,0.854,0.05,3.41877,0.0,0.0,0.0
2026-05-23 23:35:16,794,37.71,59,0,0.039,0.849,0.05,2.339587,0.205,0.0459,0.0
2026-05-23 23:35:17,795,-7.4,56,11,0.036,0.696,0.05,3.975795,0.503,0.1878,0.0
2026-05-23 23:35:17,796,224.7,351,8,0.002,0.58,0.05,4.192041,0.0,2.7854,0.0
2026-05-23 23:35:18,797,-341.04,202,166,0.008,0.874,0.05,5.364662,0.0,1.7518,0.0088
2026-05-23 23:35:19,798,208.94,335,22,0.002,0.815,0.05,3.57645,0.0,2.8286,0.0
2026-05-23 23:35:19,799,-2.66,195,47,0.024,0.703,0.05,3.501312,0.273,1.7379,0.0
2026-05-23 23:35:20,800,214.69,286,0,0.0,0.701,0.05,4.556837,0.006,2.2054,0.0
2026-05-23 23:35:21,801,-0.37,53,9,0.039,0.773,0.05,2.548541,0.47,0.1633,0.0
2026-05-23 23:35:22,802,-7.98,48,11,0.035,0.861,0.05,3.056984,0.414,0.1558,0.0
2026-05-23 23:35:22,803,11.46,36,0,0.0,0.773,0.05,3.013238,0.057,0.0102,0.0
2026-05-23 23:35:22,804,-39.39,51,23,0.0,0.885,0.05,2.045008,0.384,0.141,0.0
2026-05-23 23:35:22,805,20.4,38,0,0.023,0.946,0.05,2.213515,0.0,0.0,0.0
2026-05-23 23:35:23,806,86.34,298,51,0.0,0.828,0.05,2.72542,0.0,2.7879,0.0
2026-05-23 23:35:24,807,143.4,316,46,0.0,0.925,0.05,4.728361,0.0,2.8801,0.1569
2026-05-23 23:35:24,808,19.25,59,7,0.046,0.973,0.05,3.108229,0.194,0.0453,0.0
2026-05-23 23:35:25,809,243.83,330,6,0.006,0.771,0.05,3.490381,0.0,2.8028,0.0
2026-05-23 23:35:25,810,-59.77,40,26,0.046,0.879,0.05,2.070313,0.596,0.2641,0.0
2026-05-23 23:35:25,811,-41.81,56,25,0.039,0.857,0.05,3.740816,0.556,0.2269,0.0
2026-05-23 23:35:26,812,180.7,333,20,0.0,0.69,0.05,4.214756,0.0,2.9722,0.0
2026-05-23 23:35:27,813,152.85,314,29,0.0,0.719,0.05,3.491751,0.0,2.6788,0.0
2026-05-23 23:35:27,814,-1.4,78,18,0.015,0.833,0.05,3.539729,0.812,0.5308,0.0
2026-05-23 23:35:28,815,132.29,307,39,0.008,0.819,0.05,4.131991,0.0,2.6086,0.0
2026-05-23 23:35:28,816,26.15,42,0,0.045,0.965,0.05,2.268183,0.0,0.0,0.0
2026-05-23 23:35:28,817,208.05,313,14,0.03,0.791,0.05,4.36547,0.0,2.5636,0.0
2026-05-23 23:35:28,818,16.95,38,1,0.045,0.951,0.05,2.875813,0.047,0.0071,0.0
2026-05-23 23:35:29,819,-33.05,46,19,0.021,0.885,0.05,6.415175,0.37,0.103,0.0
2026-05-23 23:35:29,820,166.73,334,24,0.0,0.613,0.05,2.608902,0.0,2.9147,0.0
2026-05-23 23:35:30,821,35.68,54,0,0.035,0.964,0.05,2.755111,0.083,0.0176,0.0
2026-05-23 23:35:30,822,8.12,28,0,0.035,0.883,0.05,2.249916,0.017,0.001,0.0
2026-05-23 23:35:30,823,-2.17,79,18,0.04,0.793,0.05,2.925004,0.774,0.4467,0.0
2026-05-23 23:35:30,824,26.64,46,0,0.04,0.956,0.05,2.710158,0.057,0.01,0.0
2026-05-23 23:35:31,825,-18.37,159,44,0.009,0.635,0.05,2.579206,0.596,1.2821,0.0
2026-05-23 23:35:31,826,-22.21,61,18,0.041,0.751,0.05,3.67375,0.582,0.2604,0.0
2026-05-23 23:35:31,827,8.67,28,0,0.048,0.9,0.05,6.9859,0.051,0.0046,0.0
2026-05-23 23:35:31,828,15.29,33,0,0.047,0.96,0.05,1.43676,0.0,0.0,0.0
2026-05-23 23:35:32,829,16.85,36,0,0.047,0.887,0.05,2.510459,0.0,0.0,0.0
2026-05-23 23:35:32,830,-17.18,193,48,0.031,0.568,0.05,2.394371,0.388,1.7019,0.0
2026-05-23 23:35:33,831,228.1,344,6,0.032,0.566,0.05,4.939374,0.0,2.8685,0.0
2026-05-23 23:35:33,832,19.34,36,0,0.033,0.966,0.05,2.984119,0.0,0.0,0.0
2026-05-23 23:35:33,833,232.91,309,0,0.035,0.718,0.05,2.714011,0.0,2.4378,0.0
2026-05-23 23:35:34,834,223.0,278,0,0.0,0.742,0.05,3.213995,0.1,2.0532,0.0
2026-05-23 23:35:35,835,164.91,314,29,0.0,0.786,0.05,2.943696,0.0,2.5407,0.0
2026-05-23 23:35:35,836,-20.33,28,8,0.048,0.782,0.05,7.709706,0.4,0.1168,0.0
2026-05-23 23:35:35,837,30.15,56,1,0.0,0.859,0.05,2.731066,0.311,0.0858,0.0
2026-05-23 23:35:35,838,0.37,59,12,0.0,0.856,0.05,2.576863,0.249,0.0661,0.0
2026-05-23 23:35:36,839,126.43,304,40,0.0,0.75,0.05,4.261797,0.118,2.6059,0.0
2026-05-23 23:35:36,840,15.81,33,0,0.02,0.945,0.05,2.843093,0.0,0.0,0.0
2026-05-23 23:35:36,841,13.53,33,0,0.024,0.902,0.05,4.973929,0.022,0.004,0.0
2026-05-23 23:35:37,842,134.29,303,21,0.045,0.494,0.05,2.675903,0.232,2.5901,0.0
2026-05-23 23:35:37,843,212.2,360,30,0.0,0.854,0.05,2.218287,0.0,3.1937,0.2262
2026-05-23 23:35:38,844,11.39,41,3,0.0,0.873,0.05,3.916702,0.072,0.0103,0.0
2026-05-23 23:35:38,845,137.67,273,21,0.02,0.616,0.05,2.280782,0.239,2.1309,0.0
2026-05-23 23:35:39,846,136.02,295,33,0.0,0.744,0.05,4.584095,0.108,2.3882,0.0
2026-05-23 23:35:39,847,73.38,302,45,0.0,0.667,0.05,3.648751,0.0,2.8914,0.0
2026-05-23 23:35:40,848,39.26,59,0,0.0,0.91,0.05,2.948745,0.114,0.0239,0.0
2026-05-23 23:35:40,849,-17.19,145,38,0.042,0.577,0.05,3.584716,1.0,1.1655,0.0
2026-05-23 23:35:41,850,224.69,317,1,0.0,0.597,0.05,2.501553,0.105,2.7569,0.0
2026-05-23 23:35:42,851,27.48,54,0,0.0,0.732,0.05,2.919052,0.306,0.0813,0.0
2026-05-23 23:35:43,852,294.08,347,0,0.0,0.844,0.05,3.262311,0.0,2.6352,0.0
2026-05-23 23:35:43,853,207.09,325,10,0.015,0.656,0.05,5.818287,0.0,2.6985,0.0
2026-05-23 23:35:44,854,-13.91,28,7,0.04,0.86,0.05,4.596337,0.17,0.0386,0.0
2026-05-23 23:35:44,855,22.0,41,0,0.048,0.925,0.05,2.206465,0.01,0.0012,0.0
2026-05-23 23:35:44,856,31.58,99,12,0.0,0.739,0.05,3.028748,0.801,0.53,0.0
2026-05-23 23:35:44,857,14.33,33,0,0.015,0.951,0.05,3.251287,0.0,0.0,0.0
2026-05-23 23:35:45,858,-29.24,91,28,0.001,0.669,0.05,3.606719,0.721,0.6141,0.0
2026-05-23 23:35:45,859,19.56,36,0,0.034,0.973,0.05,4.145154,0.0,0.0,0.0
2026-05-23 23:35:45,860,42.93,64,0,0.0,0.877,0.05,5.395476,0.214,0.0472,0.0
2026-05-23 23:35:45,861,143.67,266,4,0.0,0.328,0.05,3.164893,0.513,2.2823,0.0
2026-05-23 23:35:46,862,218.12,341,19,0.035,0.758,0.05,3.12199,0.0,2.8194,0.0
2026-05-23 23:35:46,863,14.46,33,0,0.007,0.891,0.05,5.483031,0.0,0.0,0.0
2026-05-23 23:35:46,864,14.4,33,0,0.012,0.912,0.05,1.821579,0.03,0.0036,0.0
2026-05-23 23:35:47,865,-20.69,74,24,0.022,0.902,0.05,2.852134,0.594,0.2883,0.0
2026-05-23 23:35:47,866,39.14,59,0,0.016,0.91,0.05,3.204013,0.031,0.0055,0.0
2026-05-23 23:35:48,867,218.51,305,12,0.028,0.85,0.05,2.559294,0.0,2.4264,0.0
2026-05-23 23:35:48,868,262.17,337,11,0.0,0.924,0.05,2.607537,0.0,2.6965,0.0
2026-05-23 23:35:49,869,-37.22,139,40,0.05,0.527,0.05,4.383133,1.0,1.1548,0.0
2026-05-23 23:35:49,870,252.38,349,8,0.0,0.73,0.05,5.42685,0.0,3.1961,0.1183
2026-05-23 23:35:50,871,-3.39,86,19,0.039,0.756,0.05,4.881581,0.728,0.6246,0.0
2026-05-23 23:35:50,872,253.1,338,4,0.0,0.706,0.05,5.002126,0.079,2.8679,0.0
2026-05-23 23:35:51,873,103.48,193,10,0.031,0.617,0.05,3.589893,0.253,1.483,0.0
2026-05-23 23:35:51,874,77.96,277,35,0.0,0.603,0.05,2.979294,0.106,2.4814,0.0
2026-05-23 23:35:52,875,189.96,328,26,0.021,0.8,0.05,5.564368,0.0,2.9925,0.0953
2026-05-23 23:35:53,876,195.76,267,3,0.016,0.682,0.05,3.493908,0.085,2.0203,0.0
2026-05-23 23:35:53,877,197.81,293,0,0.046,0.449,0.05,3.681602,0.296,2.3746,0.0
2026-05-23 23:35:54,878,9.89,178,41,0.011,0.779,0.05,3.001303,0.1,1.4783,0.0
2026-05-23 23:35:54,879,-19.72,106,27,0.021,0.545,0.05,3.879279,0.973,0.8056,0.0
2026-05-23 23:35:55,880,148.53,299,27,0.0,0.66,0.05,5.82774,0.072,2.2827,0.0
2026-05-23 23:35:55,881,14.93,33,0,0.008,0.92,0.05,2.363098,0.0,0.0,0.0
2026-05-23 23:35:56,882,191.9,329,9,0.029,0.645,0.05,2.348932,0.0,2.8151,0.0
2026-05-23 23:35:56,883,188.23,320,20,0.018,0.773,0.05,4.051152,0.0,2.9755,0.2744
2026-05-23 23:35:57,884,156.52,270,8,0.0,0.521,0.05,3.049126,0.145,1.9965,0.0
2026-05-23 23:35:57,885,24.16,41,0,0.029,0.962,0.05,1.662029,0.0,0.0,0.0
2026-05-23 23:35:58,886,249.11,331,3,0.034,0.73,0.05,3.898937,0.0,2.6367,0.0
2026-05-23 23:35:58,887,15.9,33,0,0.044,0.953,0.05,3.126344,0.0,0.0,0.0
2026-05-23 23:35:58,888,187.43,304,18,0.0,0.788,0.05,2.458073,0.06,2.3937,0.0
2026-05-23 23:35:59,889,188.95,293,10,0.034,0.657,0.05,3.549969,0.246,2.3495,0.0
2026-05-23 23:35:59,890,219.75,348,19,0.0,0.75,0.05,3.411042,0.0,2.7937,0.0
2026-05-23 23:36:00,891,176.04,304,29,0.009,0.899,0.05,5.401525,0.02,2.4793,0.0
2026-05-23 23:36:01,892,156.04,301,30,0.022,0.852,0.05,2.877776,0.0,2.6552,0.0
2026-05-23 23:36:01,893,13.54,33,0,0.008,0.905,0.05,4.281008,0.0,0.0,0.0
2026-05-23 23:36:02,894,298.23,365,0,0.034,0.8,0.05,3.396531,0.0,3.1165,0.0999
2026-05-23 23:36:02,895,120.3,296,21,0.003,0.436,0.05,4.439758,0.386,2.7617,0.0
2026-05-23 23:36:02,896,23.2,41,0,0.025,0.942,0.05,3.874518,0.0,0.0,0.0
2026-05-23 23:36:03,897,-1.52,119,29,0.035,0.755,0.05,2.901214,0.945,0.8836,0.0
2026-05-23 23:36:03,898,31.96,134,17,0.022,0.489,0.05,5.939279,1.0,1.0498,0.0
2026-05-23 23:36:03,899,26.37,59,0,0.0,0.638,0.05,2.918311,0.259,0.0645,0.0
2026-05-23 23:36:04,900,120.46,296,44,0.0,0.897,0.05,2.316542,0.0,2.4147,0.0
2026-05-23 23:36:05,901,12.85,33,0,0.048,0.89,0.05,5.091477,0.012,0.0011,0.0
2026-05-23 23:36:06,902,-3.58,64,13,0.0,0.729,0.05,3.247463,0.517,0.1925,0.0
2026-05-23 23:36:06,903,17.54,61,4,0.045,0.666,0.05,3.157087,0.593,0.2383,0.0
2026-05-23 23:36:06,904,34.29,51,0,0.004,0.939,0.05,3.440403,0.0,0.0,0.0
2026-05-23 23:36:07,905,198.06,348,20,0.0,0.697,0.05,3.679396,0.0,3.1165,0.0935
2026-05-23 23:36:07,906,13.38,33,0,0.036,0.896,0.05,2.569118,0.0,0.0,0.0
2026-05-23 23:36:07,907,45.02,64,0,0.029,0.96,0.05,3.601889,0.248,0.0688,0.0
2026-05-23 23:36:07,908,41.14,59,0,0.049,0.965,0.05,2.477001,0.0,0.0,0.0
2026-05-23 23:36:07,909,85.11,129,3,0.028,0.694,0.05,2.931284,0.879,0.8296,0.0
2026-05-23 23:36:08,910,16.27,68,9,0.048,0.822,0.05,2.65202,0.663,0.3619,0.0
2026-05-23 23:36:08,911,39.76,59,0,0.022,0.936,0.05,3.076205,0.009,0.0011,0.0
2026-05-23 23:36:08,912,-9.32,66,13,0.048,0.641,0.05,2.60592,0.599,0.3264,0.0
2026-05-23 23:36:08,913,27.85,46,0,0.0,0.906,0.05,3.122303,0.0,0.0,0.0
2026-05-23 23:36:09,914,21.41,41,0,0.0,0.863,0.05,1.861574,0.0,0.0,0.0
2026-05-23 23:36:09,915,-45.72,53,20,0.05,0.62,0.05,1.970311,0.666,0.3427,0.0
2026-05-23 23:36:09,916,-5.61,69,14,0.025,0.716,0.05,2.293259,0.555,0.3065,0.0
2026-05-23 23:36:09,917,16.57,41,0,0.047,0.763,0.05,2.454565,0.023,0.0034,0.0
2026-05-23 23:36:10,918,-2.83,28,4,0.05,0.935,0.05,2.226117,0.141,0.0314,0.0
2026-05-23 23:36:10,919,19.68,61,4,0.042,0.729,0.05,2.831121,0.539,0.2366,0.0
2026-05-23 23:36:10,920,51.24,114,8,0.033,0.619,0.05,2.573276,0.978,0.6493,0.0
2026-05-23 23:36:10,921,-27.79,41,14,0.0,0.744,0.05,3.706566,0.314,0.0904,0.0
2026-05-23 23:36:11,922,24.54,56,2,0.048,0.788,0.05,3.101492,0.565,0.2669,0.0
2026-05-23 23:36:11,923,20.37,41,0,0.017,0.842,0.05,3.520237,0.0,0.0,0.0
2026-05-23 23:36:11,924,22.01,41,0,0.008,0.926,0.05,4.483344,0.021,0.0031,0.0
2026-05-23 23:36:11,925,52.18,84,3,0.0,0.885,0.05,5.015692,0.518,0.2565,0.0
2026-05-23 23:36:12,926,-25.65,48,17,0.041,0.861,0.05,5.128233,0.512,0.2203,0.0
2026-05-23 23:36:12,927,3.77,28,0,0.03,0.791,0.05,2.72762,0.037,0.0034,0.0
2026-05-23 23:36:12,928,241.88,323,0,0.004,0.716,0.05,3.865436,0.0,2.6167,0.0
2026-05-23 23:36:12,929,22.22,41,0,0.0,0.927,0.05,2.608186,0.0,0.0,0.0
2026-05-23 23:36:13,930,185.47,334,15,0.0,0.546,0.05,3.934964,0.022,2.9319,0.0
2026-05-23 23:36:13,931,-10.26,28,5,0.006,0.777,0.05,2.544277,0.219,0.0501,0.0
2026-05-23 23:36:14,932,213.71,334,5,0.0,0.558,0.05,3.753813,0.0,2.7661,0.0
2026-05-23 23:36:14,933,36.12,54,0,0.04,0.955,0.05,3.574349,0.004,0.0005,0.0
2026-05-23 23:36:15,934,214.52,327,15,0.049,0.755,0.05,3.347345,0.0,2.8422,0.0788
2026-05-23 23:36:15,935,23.43,41,0,0.04,0.957,0.05,2.178929,0.0,0.0,0.0
2026-05-23 23:36:15,936,41.48,59,0,0.025,0.963,0.05,2.440279,0.0,0.0,0.0
2026-05-23 23:36:15,937,105.39,295,22,0.0,0.429,0.05,3.765299,0.121,2.6372,0.0
2026-05-23 23:36:16,938,18.55,36,0,0.044,0.965,0.05,3.827282,0.0,0.0,0.0
2026-05-23 23:36:16,939,27.43,46,0,0.006,0.928,0.05,2.066052,0.034,0.0077,0.0
2026-05-23 23:36:16,940,91.76,259,31,0.0,0.624,0.05,3.123939,0.171,2.2078,0.0
2026-05-23 23:36:16,941,22.61,41,0,0.017,0.932,0.05,2.528889,0.0,0.0,0.0
2026-05-23 23:36:17,942,-21.9,59,17,0.017,0.711,0.05,1.834846,0.502,0.1877,0.0
2026-05-23 23:36:17,943,33.68,53,0,0.017,0.879,0.05,2.254671,0.0,0.0,0.0
2026-05-23 23:36:17,944,35.25,53,0,0.023,0.938,0.05,3.38436,0.0,0.0,0.0
2026-05-23 23:36:17,945,24.56,43,0,0.048,0.913,0.05,5.380772,0.002,0.0002,0.0
2026-05-23 23:36:17,946,20.92,41,0,0.0,0.848,0.05,3.159464,0.0,0.0,0.0
2026-05-23 23:36:18,947,230.09,321,10,0.0,0.763,0.05,6.809524,0.067,2.5054,0.0
2026-05-23 23:36:18,948,30.69,76,8,0.044,0.885,0.05,2.105103,0.574,0.2506,0.0
2026-05-23 23:36:18,949,23.98,41,0,0.0,0.942,0.05,3.208642,0.0,0.0,0.0
2026-05-23 23:36:19,950,-14.11,72,22,0.05,0.895,0.05,3.00174,0.551,0.2439,0.0
2026-05-23 23:36:20,951,34.06,52,0,0.043,0.959,0.05,3.308998,0.0,0.0,0.0
2026-05-23 23:36:20,952,24.17,41,0,0.016,0.954,0.05,5.031044,0.0,0.0,0.0
2026-05-23 23:36:20,953,3.79,46,0,0.038,0.538,0.05,4.71961,0.508,0.22,0.0
2026-05-23 23:36:21,954,-29.05,60,15,0.038,0.536,0.05,3.399562,0.561,0.2787,0.0
2026-05-23 23:36:21,955,22.58,45,0,0.049,0.792,0.05,5.991004,0.0,0.0,0.0
2026-05-23 23:36:21,956,8.57,28,0,0.015,0.879,0.05,3.573787,0.0,0.0,0.0
2026-05-23 23:36:21,957,29.55,51,0,0.035,0.841,0.05,3.406743,0.425,0.1355,0.0
2026-05-23 23:36:21,958,22.03,42,0,0.024,0.865,0.05,4.141708,0.0,0.0,0.0
2026-05-23 23:36:22,959,18.94,40,0,0.03,0.871,0.05,4.854061,0.163,0.0423,0.0
2026-05-23 23:36:22,960,21.24,40,0,0.049,0.883,0.05,4.131814,0.0,0.0,0.0
2026-05-23 23:36:22,961,205.45,324,12,0.0,0.707,0.05,2.977306,0.0,2.7739,0.0
2026-05-23 23:36:23,962,30.81,52,0,0.032,0.882,0.05,3.193979,0.344,0.0948,0.0
2026-05-23 23:36:23,963,29.83,47,0,0.0,0.935,0.05,3.299176,0.0,0.0,0.0
2026-05-23 23:36:23,964,32.3,50,0,0.017,0.96,0.05,6.239076,0.0,0.0,0.0
2026-05-23 23:36:23,965,43.69,62,0,0.003,0.912,0.05,4.019994,0.0,0.0,0.0
2026-05-23 23:36:23,966,29.17,46,0,0.048,0.959,0.05,2.371197,0.0,0.0,0.0
2026-05-23 23:36:24,967,321.46,377,1,0.027,0.869,0.05,1.975921,0.0,3.0562,0.0
2026-05-23 23:36:24,968,7.74,28,1,0.043,0.959,0.05,2.858084,0.0,0.0,0.0
2026-05-23 23:36:24,969,24.2,270,48,0.0,0.445,0.05,7.071455,0.166,2.387,0.0
2026-05-23 23:36:25,970,15.57,33,0,0.022,0.915,0.05,6.449718,0.0,0.0,0.0
2026-05-23 23:36:25,971,127.79,265,23,0.0,0.588,0.05,4.279821,0.399,2.0251,0.0
2026-05-23 23:36:25,972,28.67,46,0,0.046,0.975,0.05,2.952645,0.0,0.0,0.0
2026-05-23 23:36:26,973,98.41,203,19,0.015,0.769,0.05,4.272079,0.252,1.6649,0.0
2026-05-23 23:36:26,974,224.18,337,17,0.002,0.789,0.05,3.430717,0.0,2.6552,0.0
2026-05-23 23:36:27,975,-27.87,51,18,0.008,0.822,0.05,2.382241,0.547,0.2118,0.0
2026-05-23 23:36:27,976,39.46,58,0,0.029,0.908,0.05,2.366956,0.0,0.0,0.0
2026-05-23 23:36:27,977,15.83,41,1,0.02,0.811,0.05,4.393623,0.262,0.0735,0.0
2026-05-23 23:36:28,978,146.32,344,28,0.034,0.598,0.05,1.956422,0.0,2.9925,0.0
2026-05-23 23:36:28,979,-139.94,256,83,0.0,0.409,0.05,3.446323,0.014,3.046,0.9016
2026-05-23 23:36:29,980,174.04,339,28,0.037,0.789,0.05,4.757205,0.0,3.3181,0.3581
2026-05-23 23:36:30,981,203.13,340,19,0.0,0.744,0.05,2.550901,0.0,2.8229,0.0
2026-05-23 23:36:30,982,6.3,89,20,0.0,0.843,0.05,3.092556,0.723,0.3555,0.0
2026-05-23 23:36:31,983,102.79,285,25,0.036,0.518,0.05,3.766746,0.016,2.5326,0.0
2026-05-23 23:36:31,984,280.66,357,0,0.021,0.732,0.05,6.689797,0.0,2.8783,0.0
2026-05-23 23:36:32,985,-8.22,118,30,0.043,0.72,0.05,2.619333,0.499,0.9777,0.0
2026-05-23 23:36:32,986,33.78,54,0,0.0,0.85,0.05,4.836655,0.0,0.0,0.0
2026-05-23 23:36:33,987,187.35,339,25,0.0,0.693,0.05,2.856406,0.0,2.8914,0.0
2026-05-23 23:36:33,988,23.11,41,0,0.04,0.957,0.05,2.441405,0.0,0.0,0.0
2026-05-23 23:36:33,989,-0.01,63,13,0.045,0.843,0.05,3.462292,0.657,0.3479,0.0
2026-05-23 23:36:33,990,13.5,30,0,0.014,0.95,0.05,3.225672,0.0,0.0,0.0
2026-05-23 23:36:34,991,219.29,325,13,0.043,0.759,0.05,2.102493,0.0,2.7739,0.0
2026-05-23 23:36:34,992,120.12,244,16,0.032,0.585,0.05,5.499979,0.361,1.9527,0.0
2026-05-23 23:36:35,993,157.23,304,22,0.037,0.669,0.05,3.482391,0.014,2.5788,0.0
2026-05-23 23:36:35,994,16.74,41,0,0.049,0.758,0.05,4.311102,0.029,0.0034,0.0
2026-05-23 23:36:35,995,18.04,36,0,0.048,0.926,0.05,1.873453,0.0,0.0,0.0
2026-05-23 23:36:35,996,20.85,38,0,0.006,0.927,0.05,2.498916,0.0,0.0,0.0
2026-05-23 23:36:36,997,-25.74,41,15,0.0,0.835,0.05,4.840407,0.11,0.0222,0.0
2026-05-23 23:36:36,998,29.03,69,6,0.021,0.889,0.05,4.667713,0.565,0.2737,0.0
2026-05-23 23:36:36,999,-10.13,61,14,0.0,0.762,0.05,6.74952,0.695,0.3723,0.0
2026-05-23 23:36:37,1000,21.0,63,6,0.047,0.858,0.05,3.353454,0.583,0.2455,0.0
2026-05-24 01:21:33,1,-41.22,81,7,0.05,0.64,0.05,0.0,0.739,0.4954,0.0
2026-05-24 01:21:33,2,17.21,51,0,0.035,0.895,0.05,7.802061,0.21,0.0494,0.0
2026-05-24 01:21:34,3,19.68,66,0,0.047,0.873,0.05,8.823252,0.494,0.1747,0.0
2026-05-24 01:21:34,4,4.5,54,0,0.047,0.861,0.05,5.194509,0.007,0.0004,0.0
2026-05-24 01:21:35,5,131.2,298,34,0.0,0.872,0.05,6.215457,0.0,2.7083,0.3308
2026-05-24 01:21:35,6,3.25,33,0,0.017,0.907,0.05,4.689518,0.0,0.0,0.0
2026-05-24 01:21:36,7,-20.94,200,52,0.047,0.828,0.05,3.062297,0.166,1.7742,0.0
2026-05-24 01:21:37,8,150.08,293,27,0.0,0.868,0.05,2.605922,0.0,2.4216,0.0
2026-05-24 01:21:38,9,-99.57,41,14,0.039,0.666,0.05,2.861475,0.306,0.0868,0.0
2026-05-24 01:21:39,10,111.07,228,22,0.013,0.889,0.05,7.133293,0.145,1.8243,0.0
2026-05-24 01:21:39,11,9.58,38,0,0.015,0.935,0.05,3.034729,0.0,0.0,0.0
2026-05-24 01:21:39,12,104.82,294,29,0.0,0.772,0.05,2.884004,0.0,2.4962,0.0
2026-05-24 01:21:40,13,21.4,54,0,0.0,0.913,0.05,4.775784,0.002,0.0003,0.0
2026-05-24 01:21:41,14,203.88,307,10,0.019,0.849,0.05,4.261168,0.0,2.4165,0.0
2026-05-24 01:21:41,15,12.0,46,0,0.031,0.89,0.05,4.468871,0.0,0.0,0.0
2026-05-24 01:21:42,16,104.95,335,51,0.0,0.884,0.05,1.989008,0.0,3.1165,0.3845
2026-05-24 01:21:43,17,177.4,328,24,0.006,0.818,0.05,5.920159,0.0,2.5501,0.0
2026-05-24 01:21:43,18,186.95,318,10,0.043,0.769,0.05,2.665222,0.0,2.6084,0.0
2026-05-24 01:21:44,19,7.87,33,0,0.046,0.959,0.05,2.336791,0.0,0.0,0.0
2026-05-24 01:21:44,20,7.91,203,23,0.032,0.577,0.05,3.092196,0.418,1.5392,0.0
2026-05-24 01:21:44,21,8.12,33,0,0.049,0.96,0.05,3.168722,0.0,0.0,0.0
2026-05-24 01:21:45,22,0.79,33,0,0.011,0.898,0.05,5.615478,0.009,0.0008,0.0
2026-05-24 01:21:45,23,17.84,46,0,0.049,0.922,0.05,3.595855,0.0,0.0,0.0
2026-05-24 01:21:45,24,74.5,290,38,0.047,0.734,0.05,2.642891,0.011,2.3932,0.0
2026-05-24 01:21:46,25,25.03,262,66,0.016,0.947,0.05,6.420382,0.0,2.2619,0.0
2026-05-24 01:21:46,26,21.17,59,0,0.0,0.904,0.05,2.449811,0.173,0.0354,0.0
2026-05-24 01:21:47,27,229.43,367,12,0.0,0.78,0.05,3.18938,0.0,2.8797,0.0
2026-05-24 01:21:48,28,61.33,242,43,0.0,0.88,0.05,3.476941,0.056,1.9094,0.0
2026-05-24 01:21:48,29,105.0,243,27,0.047,0.872,0.05,3.898015,0.098,1.8598,0.0
2026-05-24 01:21:49,30,280.95,346,0,0.05,0.879,0.05,4.498656,0.0,2.7688,0.0
2026-05-24 01:21:50,31,192.98,332,20,0.0,0.822,0.05,3.53302,0.0,2.8194,0.0
2026-05-24 01:21:50,32,9.33,38,0,0.018,0.944,0.05,3.220774,0.0,0.0,0.0
2026-05-24 01:21:51,33,140.13,339,40,0.0,0.824,0.05,2.495355,0.0,2.8286,0.0
2026-05-24 01:21:52,34,168.02,345,29,0.0,0.806,0.05,7.433769,0.0,3.1165,0.0
2026-05-24 01:21:52,35,202.25,318,8,0.0,0.768,0.05,3.753381,0.125,2.4559,0.0
2026-05-24 01:21:52,36,18.5,46,0,0.018,0.951,0.05,3.127015,0.0,0.0,0.0
2026-05-24 01:21:53,37,-70.19,66,31,0.0,0.864,0.05,4.239092,0.634,0.3576,0.0
2026-05-24 01:21:54,38,214.81,318,10,0.0,0.832,0.05,2.980313,0.044,2.3329,0.0
2026-05-24 01:21:54,39,10.81,112,3,0.019,0.698,0.05,3.191164,0.82,0.5738,0.0
2026-05-24 01:21:55,40,110.54,306,19,0.037,0.637,0.05,2.327496,0.039,2.7845,0.0
2026-05-24 01:21:55,41,-19.17,156,26,0.03,0.659,0.05,3.78758,0.419,1.3078,0.0
2026-05-24 01:21:57,42,169.63,326,15,0.0,0.738,0.05,3.223751,0.0,2.9755,0.0
2026-05-24 01:21:58,43,106.1,319,29,0.0,0.701,0.05,4.662315,0.0,2.8801,0.0
2026-05-24 01:21:58,44,7.38,33,0,0.043,0.959,0.05,1.630165,0.0,0.0,0.0
2026-05-24 01:21:59,45,-8.83,214,58,0.044,0.854,0.05,2.356723,0.247,1.9391,0.0
2026-05-24 01:22:00,46,181.34,327,16,0.008,0.791,0.05,2.562783,0.0,2.6437,0.0
2026-05-24 01:22:01,47,241.31,324,0,0.032,0.832,0.05,2.392359,0.0,2.7604,0.0
2026-05-24 01:22:01,48,158.75,290,19,0.0,0.818,0.05,2.227065,0.181,2.1214,0.0
2026-05-24 01:22:02,49,230.46,369,8,0.0,0.772,0.05,2.145898,0.0,3.3181,0.0421
2026-05-24 01:22:03,50,272.97,334,2,0.0,0.896,0.05,3.718471,0.0,2.5999,0.0
2026-05-24 01:22:05,51,-70.77,51,25,0.012,0.863,0.05,3.496263,0.602,0.2671,0.0
2026-05-24 01:22:06,52,-112.48,85,53,0.029,0.904,0.05,3.446981,0.35,0.5289,0.0
2026-05-24 01:22:06,53,9.85,190,43,0.0,0.856,0.05,2.950109,0.26,1.4811,0.0
2026-05-24 01:22:07,54,122.31,255,25,0.025,0.839,0.05,2.802938,0.297,2.1007,0.0
2026-05-24 01:22:08,55,7.08,33,0,0.044,0.953,0.05,3.048169,0.0,0.0,0.0
2026-05-24 01:22:08,56,113.17,309,27,0.006,0.727,0.05,4.573056,0.004,2.6305,0.0
2026-05-24 01:22:10,57,92.05,331,60,0.0,0.892,0.05,2.144562,0.0,2.7927,0.0
2026-05-24 01:22:10,58,20.57,48,0,0.025,0.946,0.05,3.604994,0.0,0.0,0.0
2026-05-24 01:22:10,59,31.41,54,0,0.037,0.97,0.05,3.17919,0.022,0.0013,0.0
2026-05-24 01:22:10,60,48.41,77,0,0.0,0.949,0.05,3.042881,0.0,0.0,0.0
2026-05-24 01:22:11,61,152.93,329,19,0.044,0.711,0.05,3.06631,0.0,2.9358,0.0
2026-05-24 01:22:12,62,121.65,296,21,0.0,0.704,0.05,1.628893,0.123,2.6973,0.0
2026-05-24 01:22:13,63,0.15,33,0,0.006,0.894,0.05,3.003973,0.0,0.0,0.0
2026-05-24 01:22:13,64,22.81,51,0,0.033,0.948,0.05,2.757464,0.004,0.0002,0.0
2026-05-24 01:22:13,65,-91.3,51,34,0.029,0.883,0.05,1.91495,0.613,0.2516,0.0
2026-05-24 01:22:14,66,27.36,225,45,0.049,0.811,0.05,2.251714,0.267,1.9526,0.0
2026-05-24 01:22:15,67,217.84,316,7,0.0,0.802,0.05,3.759542,0.076,2.4714,0.0
2026-05-24 01:22:16,68,9.23,38,0,0.017,0.94,0.05,2.838831,0.0,0.0,0.0
2026-05-24 01:22:16,69,10.72,38,0,0.033,0.947,0.05,2.276073,0.0,0.0,0.0
2026-05-24 01:22:17,70,176.08,327,17,0.047,0.779,0.05,2.763613,0.0,2.6046,0.0
2026-05-24 01:22:17,71,-99.67,28,35,0.044,0.972,0.05,3.263824,0.153,0.0325,0.0
2026-05-24 01:22:18,72,75.38,304,48,0.015,0.795,0.05,3.019453,0.01,2.6062,0.0
2026-05-24 01:22:19,73,36.35,64,0,0.019,0.951,0.05,2.818025,0.0,0.0,0.0
2026-05-24 01:22:19,74,27.44,59,0,0.036,0.933,0.05,3.337924,0.0,0.0,0.0
2026-05-24 01:22:19,75,28.52,74,0,0.0,0.833,0.05,3.746637,0.608,0.2445,0.0
2026-05-24 01:22:20,76,130.56,279,17,0.0,0.742,0.05,4.200611,0.165,2.3067,0.0
2026-05-24 01:22:21,77,27.88,280,36,0.033,0.592,0.05,5.37106,0.256,2.5182,0.0
2026-05-24 01:22:22,78,-81.5,25,21,0.04,0.849,0.05,2.053995,0.122,0.0309,0.0
2026-05-24 01:22:23,79,131.76,295,29,0.014,0.792,0.05,3.920533,0.181,2.3938,0.0
2026-05-24 01:22:23,80,173.05,367,13,0.0,0.658,0.05,2.01089,0.0,3.1539,0.0
2026-05-24 01:22:24,81,127.84,294,11,0.001,0.621,0.05,1.972355,0.279,2.3393,0.0
2026-05-24 01:22:24,82,-59.25,20,17,0.044,0.944,0.05,2.930702,0.059,0.0106,0.0
2026-05-24 01:22:25,83,-0.06,28,1,0.032,0.964,0.05,3.009269,0.0,0.0001,0.0
2026-05-24 01:22:25,84,-19.91,28,0,0.046,0.831,0.05,2.639536,0.06,0.009,0.0
2026-05-24 01:22:26,85,83.97,250,36,0.0,0.815,0.05,2.83094,0.294,1.8171,0.0
2026-05-24 01:22:26,86,23.91,59,0,0.049,0.915,0.05,3.626401,0.42,0.1614,0.0
2026-05-24 01:22:27,87,305.54,377,2,0.0,0.872,0.05,3.789989,0.0,3.1296,0.0
2026-05-24 01:22:28,88,155.72,306,26,0.0,0.843,0.05,3.0517,0.005,2.6431,0.0
2026-05-24 01:22:29,89,197.86,340,19,0.0,0.801,0.05,2.900303,0.0,2.7888,0.0
2026-05-24 01:22:29,90,6.95,89,7,0.0,0.805,0.05,2.657141,0.778,0.3878,0.0
2026-05-24 01:22:29,91,-9.49,46,4,0.041,0.864,0.05,4.27859,0.184,0.0402,0.0
2026-05-24 01:22:30,92,199.59,298,1,0.038,0.754,0.05,3.453054,0.16,2.3649,0.0
2026-05-24 01:22:30,93,34.53,72,0,0.0,0.911,0.05,2.982082,0.32,0.0929,0.0
2026-05-24 01:22:31,94,-22.31,101,14,0.044,0.72,0.05,3.346427,0.613,0.6079,0.0
2026-05-24 01:22:32,95,102.9,247,13,0.0,0.675,0.05,4.858896,0.337,1.9354,0.0
2026-05-24 01:22:32,96,183.08,339,12,0.009,0.73,0.05,5.808569,0.001,2.8229,0.0
2026-05-24 01:22:33,97,212.85,305,0,0.0,0.758,0.05,2.162848,0.219,2.3672,0.0
2026-05-24 01:22:34,98,170.81,302,4,0.0,0.67,0.05,3.465714,0.076,2.5596,0.0
2026-05-24 01:22:34,99,33.87,59,0,0.0,0.965,0.05,2.937323,0.062,0.0075,0.0
2026-05-24 01:22:35,100,86.93,239,17,0.0,0.681,0.05,3.213705,0.28,1.739,0.0
2026-05-24 01:22:37,101,100.61,280,23,0.0,0.699,0.05,4.055662,0.279,2.3393,0.0
2026-05-24 01:22:37,102,168.77,303,9,0.0,0.714,0.05,2.429458,0.185,2.3871,0.0
2026-05-24 01:22:38,103,182.16,357,14,0.0,0.705,0.05,3.043023,0.0,2.9686,0.0
2026-05-24 01:22:39,104,170.53,330,26,0.003,0.816,0.05,3.095669,0.0,2.7688,0.0
2026-05-24 01:22:40,105,1.45,30,0,0.029,0.947,0.05,4.143975,0.005,0.0003,0.0
2026-05-24 01:22:40,106,197.94,326,10,0.0,0.756,0.05,2.840693,0.0,2.5501,0.0
2026-05-24 01:22:41,107,116.04,285,36,0.0,0.836,0.05,3.030649,0.343,2.1713,0.0
2026-05-24 01:22:42,108,34.11,257,54,0.007,0.853,0.05,3.884343,0.181,2.1104,0.0
2026-05-24 01:22:43,109,189.82,313,12,0.0,0.761,0.05,5.376475,0.101,2.5933,0.0
2026-05-24 01:22:43,110,4.26,33,0,0.017,0.944,0.05,2.663774,0.0,0.0,0.0
2026-05-24 01:22:44,111,135.88,332,30,0.038,0.767,0.05,3.057054,0.0,2.9679,0.0
2026-05-24 01:22:44,112,7.7,33,0,0.044,0.942,0.05,3.646394,0.0,0.0,0.0
2026-05-24 01:22:45,113,118.14,307,41,0.0,0.869,0.05,3.468314,0.0,2.7083,0.0021
2026-05-24 01:22:46,114,-227.2,211,113,0.037,0.786,0.05,5.081703,0.0,1.8651,0.0
2026-05-24 01:22:47,115,216.87,317,6,0.0,0.771,0.05,3.505106,0.064,2.4546,0.0
2026-05-24 01:22:47,116,40.13,64,0,0.041,0.972,0.05,3.728303,0.335,0.0935,0.0
2026-05-24 01:27:42,1,16.79,36,0,0.0,0.902,0.05,0.0,0.051,0.0046,0.0
